inicio,destino,costo
1,2,2
1,3,4
1,4,5
1,5,7
1,6,8
1,7,10
1,8,11
1,9,13
1,10,14
1,11,2
1,12,5
1,13,5
1,14,8
1,15,8
1,16,11
1,17,11
1,18,14
1,19,14
1,20,17
1,21,3
1,22,6
1,23,6
1,24,9
1,25,9
1,26,12
1,27,12
1,28,15
1,29,15
1,30,18
1,31,4
1,32,7
1,33,7
1,34,10
1,35,10
1,36,13
1,37,13
1,38,16
1,39,16
1,40,19
1,41,6
1,42,7
1,43,9
1,44,10
1,45,12
1,46,13
1,47,15
1,48,16
1,49,18
1,50,19
1,51,7
1,52,10
1,53,10
1,54,13
1,55,13
1,56,16
1,57,16
1,58,19
1,59,19
1,60,22
1,61,8
1,62,11
1,63,11
1,64,14
1,65,14
1,66,17
1,67,17
1,68,20
1,69,20
1,70,23
1,71,9
1,72,12
1,73,12
1,74,15
1,75,15
1,76,18
1,77,18
1,78,21
1,79,21
1,80,24
1,81,11
1,82,12
1,83,14
1,84,15
1,85,17
1,86,18
1,87,20
1,88,21
1,89,23
1,90,24
1,91,12
1,92,15
1,93,15
1,94,18
1,95,18
1,96,21
1,97,21
1,98,24
1,99,24
1,100,27
1,101,13
1,102,16
1,103,16
1,104,19
1,105,19
1,106,22
1,107,22
1,108,25
1,109,25
1,110,28
1,111,14
1,112,17
1,113,17
1,114,20
1,115,20
1,116,23
1,117,23
1,118,26
1,119,26
1,120,29
2,3,1
2,4,4
2,5,6
2,6,7
2,7,9
2,8,10
2,9,12
2,10,13
2,11,5
2,12,2
2,13,2
2,14,7
2,15,7
2,16,10
2,17,10
2,18,13
2,19,13
2,20,16
2,21,6
2,22,3
2,23,3
2,24,8
2,25,8
2,26,11
2,27,11
2,28,14
2,29,14
2,30,17
2,31,7
2,32,4
2,33,4
2,34,7
2,35,9
2,36,10
2,37,12
2,38,13
2,39,15
2,40,16
2,41,7
2,42,6
2,43,6
2,44,7
2,45,9
2,46,10
2,47,12
2,48,13
2,49,15
2,50,16
2,51,10
2,52,7
2,53,7
2,54,10
2,55,10
2,56,13
2,57,13
2,58,16
2,59,16
2,60,19
2,61,11
2,62,8
2,63,8
2,64,11
2,65,11
2,66,14
2,67,14
2,68,17
2,69,17
2,70,20
2,71,12
2,72,9
2,73,9
2,74,12
2,75,12
2,76,15
2,77,15
2,78,18
2,79,18
2,80,21
2,81,12
2,82,11
2,83,11
2,84,12
2,85,14
2,86,15
2,87,17
2,88,18
2,89,20
2,90,21
2,91,15
2,92,12
2,93,12
2,94,15
2,95,15
2,96,18
2,97,18
2,98,21
2,99,21
2,100,24
2,101,16
2,102,13
2,103,13
2,104,16
2,105,16
2,106,19
2,107,19
2,108,22
2,109,22
2,110,25
2,111,17
2,112,14
2,113,14
2,114,17
2,115,17
2,116,20
2,117,20
2,118,23
2,119,23
2,120,26
3,4,2
3,5,4
3,6,5
3,7,7
3,8,8
3,9,10
3,10,11
3,11,7
3,12,2
3,13,2
3,14,5
3,15,5
3,16,8
3,17,8
3,18,11
3,19,11
3,20,14
3,21,8
3,22,3
3,23,3
3,24,6
3,25,6
3,26,9
3,27,9
3,28,12
3,29,12
3,30,15
3,31,7
3,32,4
3,33,4
3,34,7
3,35,7
3,36,10
3,37,10
3,38,13
3,39,13
3,40,16
3,41,7
3,42,6
3,43,6
3,44,7
3,45,9
3,46,10
3,47,12
3,48,13
3,49,15
3,50,16
3,51,10
3,52,7
3,53,7
3,54,10
3,55,10
3,56,13
3,57,13
3,58,16
3,59,16
3,60,19
3,61,11
3,62,8
3,63,8
3,64,11
3,65,11
3,66,14
3,67,14
3,68,17
3,69,17
3,70,20
3,71,12
3,72,9
3,73,9
3,74,12
3,75,12
3,76,15
3,77,15
3,78,18
3,79,18
3,80,21
3,81,12
3,82,11
3,83,11
3,84,12
3,85,14
3,86,15
3,87,17
3,88,18
3,89,20
3,90,21
3,91,15
3,92,12
3,93,12
3,94,15
3,95,15
3,96,18
3,97,18
3,98,21
3,99,21
3,100,24
3,101,16
3,102,13
3,103,13
3,104,16
3,105,16
3,106,19
3,107,19
3,108,22
3,109,22
3,110,25
3,111,17
3,112,14
3,113,14
3,114,17
3,115,17
3,116,20
3,117,20
3,118,23
3,119,23
3,120,26
4,5,1
4,6,4
4,7,6
4,8,7
4,9,9
4,10,10
4,11,8
4,12,5
4,13,5
4,14,2
4,15,2
4,16,7
4,17,7
4,18,10
4,19,10
4,20,13
4,21,9
4,22,6
4,23,6
4,24,3
4,25,3
4,26,8
4,27,8
4,28,11
4,29,11
4,30,14
4,31,10
4,32,7
4,33,7
4,34,4
4,35,4
4,36,7
4,37,9
4,38,10
4,39,12
4,40,13
4,41,10
4,42,9
4,43,7
4,44,6
4,45,6
4,46,7
4,47,9
4,48,10
4,49,12
4,50,13
4,51,13
4,52,10
4,53,10
4,54,7
4,55,7
4,56,10
4,57,10
4,58,13
4,59,13
4,60,16
4,61,14
4,62,11
4,63,11
4,64,8
4,65,8
4,66,11
4,67,11
4,68,14
4,69,14
4,70,17
4,71,15
4,72,12
4,73,12
4,74,9
4,75,9
4,76,12
4,77,12
4,78,15
4,79,15
4,80,18
4,81,15
4,82,14
4,83,12
4,84,11
4,85,11
4,86,12
4,87,14
4,88,15
4,89,17
4,90,18
4,91,18
4,92,15
4,93,15
4,94,12
4,95,12
4,96,15
4,97,15
4,98,18
4,99,18
4,100,21
4,101,19
4,102,16
4,103,16
4,104,13
4,105,13
4,106,16
4,107,16
4,108,19
4,109,19
4,110,22
4,111,20
4,112,17
4,113,17
4,114,14
4,115,14
4,116,17
4,117,17
4,118,20
4,119,20
4,120,23
5,6,2
5,7,4
5,8,5
5,9,7
5,10,8
5,11,10
5,12,7
5,13,7
5,14,2
5,15,2
5,16,5
5,17,5
5,18,8
5,19,8
5,20,11
5,21,11
5,22,8
5,23,8
5,24,3
5,25,3
5,26,6
5,27,6
5,28,9
5,29,9
5,30,12
5,31,10
5,32,9
5,33,7
5,34,4
5,35,4
5,36,7
5,37,7
5,38,10
5,39,10
5,40,13
5,41,10
5,42,9
5,43,7
5,44,6
5,45,6
5,46,7
5,47,9
5,48,10
5,49,12
5,50,13
5,51,13
5,52,10
5,53,10
5,54,7
5,55,7
5,56,10
5,57,10
5,58,13
5,59,13
5,60,16
5,61,14
5,62,11
5,63,11
5,64,8
5,65,8
5,66,11
5,67,11
5,68,14
5,69,14
5,70,17
5,71,15
5,72,12
5,73,12
5,74,9
5,75,9
5,76,12
5,77,12
5,78,15
5,79,15
5,80,18
5,81,15
5,82,14
5,83,12
5,84,11
5,85,11
5,86,12
5,87,14
5,88,15
5,89,17
5,90,18
5,91,18
5,92,15
5,93,15
5,94,12
5,95,12
5,96,15
5,97,15
5,98,18
5,99,18
5,100,21
5,101,19
5,102,16
5,103,16
5,104,13
5,105,13
5,106,16
5,107,16
5,108,19
5,109,19
5,110,22
5,111,20
5,112,17
5,113,17
5,114,14
5,115,14
5,116,17
5,117,17
5,118,20
5,119,20
5,120,23
6,7,1
6,8,4
6,9,6
6,10,7
6,11,11
6,12,8
6,13,8
6,14,5
6,15,5
6,16,2
6,17,2
6,18,7
6,19,7
6,20,10
6,21,12
6,22,9
6,23,9
6,24,6
6,25,6
6,26,3
6,27,3
6,28,8
6,29,8
6,30,11
6,31,13
6,32,10
6,33,10
6,34,7
6,35,7
6,36,4
6,37,4
6,38,7
6,39,9
6,40,10
6,41,13
6,42,12
6,43,10
6,44,9
6,45,7
6,46,6
6,47,6
6,48,7
6,49,9
6,50,10
6,51,16
6,52,13
6,53,13
6,54,10
6,55,10
6,56,7
6,57,7
6,58,10
6,59,10
6,60,13
6,61,17
6,62,14
6,63,14
6,64,11
6,65,11
6,66,8
6,67,8
6,68,11
6,69,11
6,70,14
6,71,18
6,72,15
6,73,15
6,74,12
6,75,12
6,76,9
6,77,9
6,78,12
6,79,12
6,80,15
6,81,18
6,82,17
6,83,15
6,84,14
6,85,12
6,86,11
6,87,11
6,88,12
6,89,14
6,90,15
6,91,21
6,92,18
6,93,18
6,94,15
6,95,15
6,96,12
6,97,12
6,98,15
6,99,15
6,100,18
6,101,22
6,102,19
6,103,19
6,104,16
6,105,16
6,106,13
6,107,13
6,108,16
6,109,16
6,110,19
6,111,23
6,112,20
6,113,20
6,114,17
6,115,17
6,116,14
6,117,14
6,118,17
6,119,17
6,120,20
7,8,2
7,9,4
7,10,5
7,11,13
7,12,10
7,13,10
7,14,7
7,15,7
7,16,2
7,17,2
7,18,5
7,19,5
7,20,8
7,21,14
7,22,11
7,23,11
7,24,8
7,25,8
7,26,3
7,27,3
7,28,6
7,29,6
7,30,9
7,31,13
7,32,12
7,33,10
7,34,9
7,35,7
7,36,4
7,37,4
7,38,7
7,39,7
7,40,10
7,41,13
7,42,12
7,43,10
7,44,9
7,45,7
7,46,6
7,47,6
7,48,7
7,49,9
7,50,10
7,51,16
7,52,13
7,53,13
7,54,10
7,55,10
7,56,7
7,57,7
7,58,10
7,59,10
7,60,13
7,61,17
7,62,14
7,63,14
7,64,11
7,65,11
7,66,8
7,67,8
7,68,11
7,69,11
7,70,14
7,71,18
7,72,15
7,73,15
7,74,12
7,75,12
7,76,9
7,77,9
7,78,12
7,79,12
7,80,15
7,81,18
7,82,17
7,83,15
7,84,14
7,85,12
7,86,11
7,87,11
7,88,12
7,89,14
7,90,15
7,91,21
7,92,18
7,93,18
7,94,15
7,95,15
7,96,12
7,97,12
7,98,15
7,99,15
7,100,18
7,101,22
7,102,19
7,103,19
7,104,16
7,105,16
7,106,13
7,107,13
7,108,16
7,109,16
7,110,19
7,111,23
7,112,20
7,113,20
7,114,17
7,115,17
7,116,14
7,117,14
7,118,17
7,119,17
7,120,20
8,9,1
8,10,4
8,11,14
8,12,11
8,13,11
8,14,8
8,15,8
8,16,5
8,17,5
8,18,2
8,19,2
8,20,7
8,21,15
8,22,12
8,23,12
8,24,9
8,25,9
8,26,6
8,27,6
8,28,3
8,29,3
8,30,8
8,31,16
8,32,13
8,33,13
8,34,10
8,35,10
8,36,7
8,37,7
8,38,4
8,39,4
8,40,7
8,41,16
8,42,15
8,43,13
8,44,12
8,45,10
8,46,9
8,47,7
8,48,6
8,49,6
8,50,7
8,51,19
8,52,16
8,53,16
8,54,13
8,55,13
8,56,10
8,57,10
8,58,7
8,59,7
8,60,10
8,61,20
8,62,17
8,63,17
8,64,14
8,65,14
8,66,11
8,67,11
8,68,8
8,69,8
8,70,11
8,71,21
8,72,18
8,73,18
8,74,15
8,75,15
8,76,12
8,77,12
8,78,9
8,79,9
8,80,12
8,81,21
8,82,20
8,83,18
8,84,17
8,85,15
8,86,14
8,87,12
8,88,11
8,89,11
8,90,12
8,91,24
8,92,21
8,93,21
8,94,18
8,95,18
8,96,15
8,97,15
8,98,12
8,99,12
8,100,15
8,101,25
8,102,22
8,103,22
8,104,19
8,105,19
8,106,16
8,107,16
8,108,13
8,109,13
8,110,16
8,111,26
8,112,23
8,113,23
8,114,20
8,115,20
8,116,17
8,117,17
8,118,14
8,119,14
8,120,17
9,10,2
9,11,16
9,12,13
9,13,13
9,14,10
9,15,10
9,16,7
9,17,7
9,18,2
9,19,2
9,20,5
9,21,17
9,22,14
9,23,14
9,24,11
9,25,11
9,26,8
9,27,8
9,28,3
9,29,3
9,30,6
9,31,16
9,32,15
9,33,13
9,34,12
9,35,10
9,36,9
9,37,7
9,38,4
9,39,4
9,40,7
9,41,16
9,42,15
9,43,13
9,44,12
9,45,10
9,46,9
9,47,7
9,48,6
9,49,6
9,50,7
9,51,19
9,52,16
9,53,16
9,54,13
9,55,13
9,56,10
9,57,10
9,58,7
9,59,7
9,60,10
9,61,20
9,62,17
9,63,17
9,64,14
9,65,14
9,66,11
9,67,11
9,68,8
9,69,8
9,70,11
9,71,21
9,72,18
9,73,18
9,74,15
9,75,15
9,76,12
9,77,12
9,78,9
9,79,9
9,80,12
9,81,21
9,82,20
9,83,18
9,84,17
9,85,15
9,86,14
9,87,12
9,88,11
9,89,11
9,90,12
9,91,24
9,92,21
9,93,21
9,94,18
9,95,18
9,96,15
9,97,15
9,98,12
9,99,12
9,100,15
9,101,25
9,102,22
9,103,22
9,104,19
9,105,19
9,106,16
9,107,16
9,108,13
9,109,13
9,110,16
9,111,26
9,112,23
9,113,23
9,114,20
9,115,20
9,116,17
9,117,17
9,118,14
9,119,14
9,120,17
10,11,17
10,12,14
10,13,14
10,14,11
10,15,11
10,16,8
10,17,8
10,18,5
10,19,5
10,20,2
10,21,18
10,22,15
10,23,15
10,24,12
10,25,12
10,26,9
10,27,9
10,28,6
10,29,6
10,30,3
10,31,19
10,32,16
10,33,16
10,34,13
10,35,13
10,36,10
10,37,10
10,38,7
10,39,7
10,40,4
10,41,19
10,42,18
10,43,16
10,44,15
10,45,13
10,46,12
10,47,10
10,48,9
10,49,7
10,50,6
10,51,22
10,52,19
10,53,19
10,54,16
10,55,16
10,56,13
10,57,13
10,58,10
10,59,10
10,60,7
10,61,23
10,62,20
10,63,20
10,64,17
10,65,17
10,66,14
10,67,14
10,68,11
10,69,11
10,70,8
10,71,24
10,72,21
10,73,21
10,74,18
10,75,18
10,76,15
10,77,15
10,78,12
10,79,12
10,80,9
10,81,24
10,82,23
10,83,21
10,84,20
10,85,18
10,86,17
10,87,15
10,88,14
10,89,12
10,90,11
10,91,27
10,92,24
10,93,24
10,94,21
10,95,21
10,96,18
10,97,18
10,98,15
10,99,15
10,100,12
10,101,28
10,102,25
10,103,25
10,104,22
10,105,22
10,106,19
10,107,19
10,108,16
10,109,16
10,110,13
10,111,29
10,112,26
10,113,26
10,114,23
10,115,23
10,116,20
10,117,20
10,118,17
10,119,17
10,120,14
11,12,8
11,13,8
11,14,11
11,15,11
11,16,14
11,17,14
11,18,17
11,19,17
11,20,20
11,21,2
11,22,9
11,23,9
11,24,12
11,25,12
11,26,15
11,27,15
11,28,18
11,29,18
11,30,21
11,31,3
11,32,6
11,33,8
11,34,9
11,35,11
11,36,12
11,37,14
11,38,15
11,39,17
11,40,18
11,41,5
11,42,6
11,43,8
11,44,9
11,45,11
11,46,12
11,47,14
11,48,15
11,49,17
11,50,18
11,51,6
11,52,9
11,53,9
11,54,12
11,55,12
11,56,15
11,57,15
11,58,18
11,59,18
11,60,21
11,61,7
11,62,10
11,63,10
11,64,13
11,65,13
11,66,16
11,67,16
11,68,19
11,69,19
11,70,22
11,71,8
11,72,11
11,73,11
11,74,14
11,75,14
11,76,17
11,77,17
11,78,20
11,79,20
11,80,23
11,81,10
11,82,11
11,83,13
11,84,14
11,85,16
11,86,17
11,87,19
11,88,20
11,89,22
11,90,23
11,91,11
11,92,14
11,93,14
11,94,17
11,95,17
11,96,20
11,97,20
11,98,23
11,99,23
11,100,26
11,101,12
11,102,15
11,103,15
11,104,18
11,105,18
11,106,21
11,107,21
11,108,24
11,109,24
11,110,27
11,111,13
11,112,16
11,113,16
11,114,19
11,115,19
11,116,22
11,117,22
11,118,25
11,119,25
11,120,28
12,13,1
12,14,8
12,15,8
12,16,11
12,17,11
12,18,14
12,19,14
12,20,17
12,21,9
12,22,2
12,23,2
12,24,9
12,25,9
12,26,12
12,27,12
12,28,15
12,29,15
12,30,18
12,31,6
12,32,3
12,33,3
12,34,6
12,35,8
12,36,9
12,37,11
12,38,12
12,39,14
12,40,15
12,41,6
12,42,5
12,43,5
12,44,6
12,45,8
12,46,9
12,47,11
12,48,12
12,49,14
12,50,15
12,51,9
12,52,6
12,53,6
12,54,9
12,55,9
12,56,12
12,57,12
12,58,15
12,59,15
12,60,18
12,61,10
12,62,7
12,63,7
12,64,10
12,65,10
12,66,13
12,67,13
12,68,16
12,69,16
12,70,19
12,71,11
12,72,8
12,73,8
12,74,11
12,75,11
12,76,14
12,77,14
12,78,17
12,79,17
12,80,20
12,81,11
12,82,10
12,83,10
12,84,11
12,85,13
12,86,14
12,87,16
12,88,17
12,89,19
12,90,20
12,91,14
12,92,11
12,93,11
12,94,14
12,95,14
12,96,17
12,97,17
12,98,20
12,99,20
12,100,23
12,101,15
12,102,12
12,103,12
12,104,15
12,105,15
12,106,18
12,107,18
12,108,21
12,109,21
12,110,24
12,111,16
12,112,13
12,113,13
12,114,16
12,115,16
12,116,19
12,117,19
12,118,22
12,119,22
12,120,25
13,14,8
13,15,8
13,16,11
13,17,11
13,18,14
13,19,14
13,20,17
13,21,9
13,22,2
13,23,2
13,24,9
13,25,9
13,26,12
13,27,12
13,28,15
13,29,15
13,30,18
13,31,6
13,32,3
13,33,3
13,34,6
13,35,8
13,36,9
13,37,11
13,38,12
13,39,14
13,40,15
13,41,6
13,42,5
13,43,5
13,44,6
13,45,8
13,46,9
13,47,11
13,48,12
13,49,14
13,50,15
13,51,9
13,52,6
13,53,6
13,54,9
13,55,9
13,56,12
13,57,12
13,58,15
13,59,15
13,60,18
13,61,10
13,62,7
13,63,7
13,64,10
13,65,10
13,66,13
13,67,13
13,68,16
13,69,16
13,70,19
13,71,11
13,72,8
13,73,8
13,74,11
13,75,11
13,76,14
13,77,14
13,78,17
13,79,17
13,80,20
13,81,11
13,82,10
13,83,10
13,84,11
13,85,13
13,86,14
13,87,16
13,88,17
13,89,19
13,90,20
13,91,14
13,92,11
13,93,11
13,94,14
13,95,14
13,96,17
13,97,17
13,98,20
13,99,20
13,100,23
13,101,15
13,102,12
13,103,12
13,104,15
13,105,15
13,106,18
13,107,18
13,108,21
13,109,21
13,110,24
13,111,16
13,112,13
13,113,13
13,114,16
13,115,16
13,116,19
13,117,19
13,118,22
13,119,22
13,120,25
14,15,1
14,16,8
14,17,8
14,18,11
14,19,11
14,20,14
14,21,12
14,22,9
14,23,9
14,24,2
14,25,2
14,26,9
14,27,9
14,28,12
14,29,12
14,30,15
14,31,9
14,32,8
14,33,6
14,34,3
14,35,3
14,36,6
14,37,8
14,38,9
14,39,11
14,40,12
14,41,9
14,42,8
14,43,6
14,44,5
14,45,5
14,46,6
14,47,8
14,48,9
14,49,11
14,50,12
14,51,12
14,52,9
14,53,9
14,54,6
14,55,6
14,56,9
14,57,9
14,58,12
14,59,12
14,60,15
14,61,13
14,62,10
14,63,10
14,64,7
14,65,7
14,66,10
14,67,10
14,68,13
14,69,13
14,70,16
14,71,14
14,72,11
14,73,11
14,74,8
14,75,8
14,76,11
14,77,11
14,78,14
14,79,14
14,80,17
14,81,14
14,82,13
14,83,11
14,84,10
14,85,10
14,86,11
14,87,13
14,88,14
14,89,16
14,90,17
14,91,17
14,92,14
14,93,14
14,94,11
14,95,11
14,96,14
14,97,14
14,98,17
14,99,17
14,100,20
14,101,18
14,102,15
14,103,15
14,104,12
14,105,12
14,106,15
14,107,15
14,108,18
14,109,18
14,110,21
14,111,19
14,112,16
14,113,16
14,114,13
14,115,13
14,116,16
14,117,16
14,118,19
14,119,19
14,120,22
15,16,8
15,17,8
15,18,11
15,19,11
15,20,14
15,21,12
15,22,9
15,23,9
15,24,2
15,25,2
15,26,9
15,27,9
15,28,12
15,29,12
15,30,15
15,31,9
15,32,8
15,33,6
15,34,3
15,35,3
15,36,6
15,37,8
15,38,9
15,39,11
15,40,12
15,41,9
15,42,8
15,43,6
15,44,5
15,45,5
15,46,6
15,47,8
15,48,9
15,49,11
15,50,12
15,51,12
15,52,9
15,53,9
15,54,6
15,55,6
15,56,9
15,57,9
15,58,12
15,59,12
15,60,15
15,61,13
15,62,10
15,63,10
15,64,7
15,65,7
15,66,10
15,67,10
15,68,13
15,69,13
15,70,16
15,71,14
15,72,11
15,73,11
15,74,8
15,75,8
15,76,11
15,77,11
15,78,14
15,79,14
15,80,17
15,81,14
15,82,13
15,83,11
15,84,10
15,85,10
15,86,11
15,87,13
15,88,14
15,89,16
15,90,17
15,91,17
15,92,14
15,93,14
15,94,11
15,95,11
15,96,14
15,97,14
15,98,17
15,99,17
15,100,20
15,101,18
15,102,15
15,103,15
15,104,12
15,105,12
15,106,15
15,107,15
15,108,18
15,109,18
15,110,21
15,111,19
15,112,16
15,113,16
15,114,13
15,115,13
15,116,16
15,117,16
15,118,19
15,119,19
15,120,22
16,17,1
16,18,8
16,19,8
16,20,11
16,21,15
16,22,12
16,23,12
16,24,9
16,25,9
16,26,2
16,27,2
16,28,9
16,29,9
16,30,12
16,31,12
16,32,11
16,33,9
16,34,8
16,35,6
16,36,3
16,37,3
16,38,6
16,39,8
16,40,9
16,41,12
16,42,11
16,43,9
16,44,8
16,45,6
16,46,5
16,47,5
16,48,6
16,49,8
16,50,9
16,51,15
16,52,12
16,53,12
16,54,9
16,55,9
16,56,6
16,57,6
16,58,9
16,59,9
16,60,12
16,61,16
16,62,13
16,63,13
16,64,10
16,65,10
16,66,7
16,67,7
16,68,10
16,69,10
16,70,13
16,71,17
16,72,14
16,73,14
16,74,11
16,75,11
16,76,8
16,77,8
16,78,11
16,79,11
16,80,14
16,81,17
16,82,16
16,83,14
16,84,13
16,85,11
16,86,10
16,87,10
16,88,11
16,89,13
16,90,14
16,91,20
16,92,17
16,93,17
16,94,14
16,95,14
16,96,11
16,97,11
16,98,14
16,99,14
16,100,17
16,101,21
16,102,18
16,103,18
16,104,15
16,105,15
16,106,12
16,107,12
16,108,15
16,109,15
16,110,18
16,111,22
16,112,19
16,113,19
16,114,16
16,115,16
16,116,13
16,117,13
16,118,16
16,119,16
16,120,19
17,18,8
17,19,8
17,20,11
17,21,15
17,22,12
17,23,12
17,24,9
17,25,9
17,26,2
17,27,2
17,28,9
17,29,9
17,30,12
17,31,12
17,32,11
17,33,9
17,34,8
17,35,6
17,36,3
17,37,3
17,38,6
17,39,8
17,40,9
17,41,12
17,42,11
17,43,9
17,44,8
17,45,6
17,46,5
17,47,5
17,48,6
17,49,8
17,50,9
17,51,15
17,52,12
17,53,12
17,54,9
17,55,9
17,56,6
17,57,6
17,58,9
17,59,9
17,60,12
17,61,16
17,62,13
17,63,13
17,64,10
17,65,10
17,66,7
17,67,7
17,68,10
17,69,10
17,70,13
17,71,17
17,72,14
17,73,14
17,74,11
17,75,11
17,76,8
17,77,8
17,78,11
17,79,11
17,80,14
17,81,17
17,82,16
17,83,14
17,84,13
17,85,11
17,86,10
17,87,10
17,88,11
17,89,13
17,90,14
17,91,20
17,92,17
17,93,17
17,94,14
17,95,14
17,96,11
17,97,11
17,98,14
17,99,14
17,100,17
17,101,21
17,102,18
17,103,18
17,104,15
17,105,15
17,106,12
17,107,12
17,108,15
17,109,15
17,110,18
17,111,22
17,112,19
17,113,19
17,114,16
17,115,16
17,116,13
17,117,13
17,118,16
17,119,16
17,120,19
18,19,1
18,20,8
18,21,18
18,22,15
18,23,15
18,24,12
18,25,12
18,26,9
18,27,9
18,28,2
18,29,2
18,30,9
18,31,15
18,32,14
18,33,12
18,34,11
18,35,9
18,36,8
18,37,6
18,38,3
18,39,3
18,40,6
18,41,15
18,42,14
18,43,12
18,44,11
18,45,9
18,46,8
18,47,6
18,48,5
18,49,5
18,50,6
18,51,18
18,52,15
18,53,15
18,54,12
18,55,12
18,56,9
18,57,9
18,58,6
18,59,6
18,60,9
18,61,19
18,62,16
18,63,16
18,64,13
18,65,13
18,66,10
18,67,10
18,68,7
18,69,7
18,70,10
18,71,20
18,72,17
18,73,17
18,74,14
18,75,14
18,76,11
18,77,11
18,78,8
18,79,8
18,80,11
18,81,20
18,82,19
18,83,17
18,84,16
18,85,14
18,86,13
18,87,11
18,88,10
18,89,10
18,90,11
18,91,23
18,92,20
18,93,20
18,94,17
18,95,17
18,96,14
18,97,14
18,98,11
18,99,11
18,100,14
18,101,24
18,102,21
18,103,21
18,104,18
18,105,18
18,106,15
18,107,15
18,108,12
18,109,12
18,110,15
18,111,25
18,112,22
18,113,22
18,114,19
18,115,19
18,116,16
18,117,16
18,118,13
18,119,13
18,120,16
19,20,8
19,21,18
19,22,15
19,23,15
19,24,12
19,25,12
19,26,9
19,27,9
19,28,2
19,29,2
19,30,9
19,31,15
19,32,14
19,33,12
19,34,11
19,35,9
19,36,8
19,37,6
19,38,3
19,39,3
19,40,6
19,41,15
19,42,14
19,43,12
19,44,11
19,45,9
19,46,8
19,47,6
19,48,5
19,49,5
19,50,6
19,51,18
19,52,15
19,53,15
19,54,12
19,55,12
19,56,9
19,57,9
19,58,6
19,59,6
19,60,9
19,61,19
19,62,16
19,63,16
19,64,13
19,65,13
19,66,10
19,67,10
19,68,7
19,69,7
19,70,10
19,71,20
19,72,17
19,73,17
19,74,14
19,75,14
19,76,11
19,77,11
19,78,8
19,79,8
19,80,11
19,81,20
19,82,19
19,83,17
19,84,16
19,85,14
19,86,13
19,87,11
19,88,10
19,89,10
19,90,11
19,91,23
19,92,20
19,93,20
19,94,17
19,95,17
19,96,14
19,97,14
19,98,11
19,99,11
19,100,14
19,101,24
19,102,21
19,103,21
19,104,18
19,105,18
19,106,15
19,107,15
19,108,12
19,109,12
19,110,15
19,111,25
19,112,22
19,113,22
19,114,19
19,115,19
19,116,16
19,117,16
19,118,13
19,119,13
19,120,16
20,21,21
20,22,18
20,23,18
20,24,15
20,25,15
20,26,12
20,27,12
20,28,9
20,29,9
20,30,2
20,31,18
20,32,17
20,33,15
20,34,14
20,35,12
20,36,11
20,37,9
20,38,8
20,39,6
20,40,3
20,41,18
20,42,17
20,43,15
20,44,14
20,45,12
20,46,11
20,47,9
20,48,8
20,49,6
20,50,5
20,51,21
20,52,18
20,53,18
20,54,15
20,55,15
20,56,12
20,57,12
20,58,9
20,59,9
20,60,6
20,61,22
20,62,19
20,63,19
20,64,16
20,65,16
20,66,13
20,67,13
20,68,10
20,69,10
20,70,7
20,71,23
20,72,20
20,73,20
20,74,17
20,75,17
20,76,14
20,77,14
20,78,11
20,79,11
20,80,8
20,81,23
20,82,22
20,83,20
20,84,19
20,85,17
20,86,16
20,87,14
20,88,13
20,89,11
20,90,10
20,91,26
20,92,23
20,93,23
20,94,20
20,95,20
20,96,17
20,97,17
20,98,14
20,99,14
20,100,11
20,101,27
20,102,24
20,103,24
20,104,21
20,105,21
20,106,18
20,107,18
20,108,15
20,109,15
20,110,12
20,111,28
20,112,25
20,113,25
20,114,22
20,115,22
20,116,19
20,117,19
20,118,16
20,119,16
20,120,13
21,22,8
21,23,8
21,24,11
21,25,11
21,26,14
21,27,14
21,28,17
21,29,17
21,30,20
21,31,2
21,32,5
21,33,7
21,34,8
21,35,10
21,36,11
21,37,13
21,38,14
21,39,16
21,40,17
21,41,4
21,42,5
21,43,7
21,44,8
21,45,10
21,46,11
21,47,13
21,48,14
21,49,16
21,50,17
21,51,5
21,52,8
21,53,8
21,54,11
21,55,11
21,56,14
21,57,14
21,58,17
21,59,17
21,60,20
21,61,6
21,62,9
21,63,9
21,64,12
21,65,12
21,66,15
21,67,15
21,68,18
21,69,18
21,70,21
21,71,7
21,72,10
21,73,10
21,74,13
21,75,13
21,76,16
21,77,16
21,78,19
21,79,19
21,80,22
21,81,9
21,82,10
21,83,12
21,84,13
21,85,15
21,86,16
21,87,18
21,88,19
21,89,21
21,90,22
21,91,10
21,92,13
21,93,13
21,94,16
21,95,16
21,96,19
21,97,19
21,98,22
21,99,22
21,100,25
21,101,11
21,102,14
21,103,14
21,104,17
21,105,17
21,106,20
21,107,20
21,108,23
21,109,23
21,110,26
21,111,12
21,112,15
21,113,15
21,114,18
21,115,18
21,116,21
21,117,21
21,118,24
21,119,24
21,120,27
22,23,1
22,24,8
22,25,8
22,26,11
22,27,11
22,28,14
22,29,14
22,30,17
22,31,5
22,32,2
22,33,2
22,34,5
22,35,7
22,36,8
22,37,10
22,38,11
22,39,13
22,40,14
22,41,5
22,42,4
22,43,4
22,44,5
22,45,7
22,46,8
22,47,10
22,48,11
22,49,13
22,50,14
22,51,8
22,52,5
22,53,5
22,54,8
22,55,8
22,56,11
22,57,11
22,58,14
22,59,14
22,60,17
22,61,9
22,62,6
22,63,6
22,64,9
22,65,9
22,66,12
22,67,12
22,68,15
22,69,15
22,70,18
22,71,10
22,72,7
22,73,7
22,74,10
22,75,10
22,76,13
22,77,13
22,78,16
22,79,16
22,80,19
22,81,10
22,82,9
22,83,9
22,84,10
22,85,12
22,86,13
22,87,15
22,88,16
22,89,18
22,90,19
22,91,13
22,92,10
22,93,10
22,94,13
22,95,13
22,96,16
22,97,16
22,98,19
22,99,19
22,100,22
22,101,14
22,102,11
22,103,11
22,104,14
22,105,14
22,106,17
22,107,17
22,108,20
22,109,20
22,110,23
22,111,15
22,112,12
22,113,12
22,114,15
22,115,15
22,116,18
22,117,18
22,118,21
22,119,21
22,120,24
23,24,8
23,25,8
23,26,11
23,27,11
23,28,14
23,29,14
23,30,17
23,31,5
23,32,2
23,33,2
23,34,5
23,35,7
23,36,8
23,37,10
23,38,11
23,39,13
23,40,14
23,41,5
23,42,4
23,43,4
23,44,5
23,45,7
23,46,8
23,47,10
23,48,11
23,49,13
23,50,14
23,51,8
23,52,5
23,53,5
23,54,8
23,55,8
23,56,11
23,57,11
23,58,14
23,59,14
23,60,17
23,61,9
23,62,6
23,63,6
23,64,9
23,65,9
23,66,12
23,67,12
23,68,15
23,69,15
23,70,18
23,71,10
23,72,7
23,73,7
23,74,10
23,75,10
23,76,13
23,77,13
23,78,16
23,79,16
23,80,19
23,81,10
23,82,9
23,83,9
23,84,10
23,85,12
23,86,13
23,87,15
23,88,16
23,89,18
23,90,19
23,91,13
23,92,10
23,93,10
23,94,13
23,95,13
23,96,16
23,97,16
23,98,19
23,99,19
23,100,22
23,101,14
23,102,11
23,103,11
23,104,14
23,105,14
23,106,17
23,107,17
23,108,20
23,109,20
23,110,23
23,111,15
23,112,12
23,113,12
23,114,15
23,115,15
23,116,18
23,117,18
23,118,21
23,119,21
23,120,24
24,25,1
24,26,8
24,27,8
24,28,11
24,29,11
24,30,14
24,31,8
24,32,7
24,33,5
24,34,2
24,35,2
24,36,5
24,37,7
24,38,8
24,39,10
24,40,11
24,41,8
24,42,7
24,43,5
24,44,4
24,45,4
24,46,5
24,47,7
24,48,8
24,49,10
24,50,11
24,51,11
24,52,8
24,53,8
24,54,5
24,55,5
24,56,8
24,57,8
24,58,11
24,59,11
24,60,14
24,61,12
24,62,9
24,63,9
24,64,6
24,65,6
24,66,9
24,67,9
24,68,12
24,69,12
24,70,15
24,71,13
24,72,10
24,73,10
24,74,7
24,75,7
24,76,10
24,77,10
24,78,13
24,79,13
24,80,16
24,81,13
24,82,12
24,83,10
24,84,9
24,85,9
24,86,10
24,87,12
24,88,13
24,89,15
24,90,16
24,91,16
24,92,13
24,93,13
24,94,10
24,95,10
24,96,13
24,97,13
24,98,16
24,99,16
24,100,19
24,101,17
24,102,14
24,103,14
24,104,11
24,105,11
24,106,14
24,107,14
24,108,17
24,109,17
24,110,20
24,111,18
24,112,15
24,113,15
24,114,12
24,115,12
24,116,15
24,117,15
24,118,18
24,119,18
24,120,21
25,26,8
25,27,8
25,28,11
25,29,11
25,30,14
25,31,8
25,32,7
25,33,5
25,34,2
25,35,2
25,36,5
25,37,7
25,38,8
25,39,10
25,40,11
25,41,8
25,42,7
25,43,5
25,44,4
25,45,4
25,46,5
25,47,7
25,48,8
25,49,10
25,50,11
25,51,11
25,52,8
25,53,8
25,54,5
25,55,5
25,56,8
25,57,8
25,58,11
25,59,11
25,60,14
25,61,12
25,62,9
25,63,9
25,64,6
25,65,6
25,66,9
25,67,9
25,68,12
25,69,12
25,70,15
25,71,13
25,72,10
25,73,10
25,74,7
25,75,7
25,76,10
25,77,10
25,78,13
25,79,13
25,80,16
25,81,13
25,82,12
25,83,10
25,84,9
25,85,9
25,86,10
25,87,12
25,88,13
25,89,15
25,90,16
25,91,16
25,92,13
25,93,13
25,94,10
25,95,10
25,96,13
25,97,13
25,98,16
25,99,16
25,100,19
25,101,17
25,102,14
25,103,14
25,104,11
25,105,11
25,106,14
25,107,14
25,108,17
25,109,17
25,110,20
25,111,18
25,112,15
25,113,15
25,114,12
25,115,12
25,116,15
25,117,15
25,118,18
25,119,18
25,120,21
26,27,1
26,28,8
26,29,8
26,30,11
26,31,11
26,32,10
26,33,8
26,34,7
26,35,5
26,36,2
26,37,2
26,38,5
26,39,7
26,40,8
26,41,11
26,42,10
26,43,8
26,44,7
26,45,5
26,46,4
26,47,4
26,48,5
26,49,7
26,50,8
26,51,14
26,52,11
26,53,11
26,54,8
26,55,8
26,56,5
26,57,5
26,58,8
26,59,8
26,60,11
26,61,15
26,62,12
26,63,12
26,64,9
26,65,9
26,66,6
26,67,6
26,68,9
26,69,9
26,70,12
26,71,16
26,72,13
26,73,13
26,74,10
26,75,10
26,76,7
26,77,7
26,78,10
26,79,10
26,80,13
26,81,16
26,82,15
26,83,13
26,84,12
26,85,10
26,86,9
26,87,9
26,88,10
26,89,12
26,90,13
26,91,19
26,92,16
26,93,16
26,94,13
26,95,13
26,96,10
26,97,10
26,98,13
26,99,13
26,100,16
26,101,20
26,102,17
26,103,17
26,104,14
26,105,14
26,106,11
26,107,11
26,108,14
26,109,14
26,110,17
26,111,21
26,112,18
26,113,18
26,114,15
26,115,15
26,116,12
26,117,12
26,118,15
26,119,15
26,120,18
27,28,8
27,29,8
27,30,11
27,31,11
27,32,10
27,33,8
27,34,7
27,35,5
27,36,2
27,37,2
27,38,5
27,39,7
27,40,8
27,41,11
27,42,10
27,43,8
27,44,7
27,45,5
27,46,4
27,47,4
27,48,5
27,49,7
27,50,8
27,51,14
27,52,11
27,53,11
27,54,8
27,55,8
27,56,5
27,57,5
27,58,8
27,59,8
27,60,11
27,61,15
27,62,12
27,63,12
27,64,9
27,65,9
27,66,6
27,67,6
27,68,9
27,69,9
27,70,12
27,71,16
27,72,13
27,73,13
27,74,10
27,75,10
27,76,7
27,77,7
27,78,10
27,79,10
27,80,13
27,81,16
27,82,15
27,83,13
27,84,12
27,85,10
27,86,9
27,87,9
27,88,10
27,89,12
27,90,13
27,91,19
27,92,16
27,93,16
27,94,13
27,95,13
27,96,10
27,97,10
27,98,13
27,99,13
27,100,16
27,101,20
27,102,17
27,103,17
27,104,14
27,105,14
27,106,11
27,107,11
27,108,14
27,109,14
27,110,17
27,111,21
27,112,18
27,113,18
27,114,15
27,115,15
27,116,12
27,117,12
27,118,15
27,119,15
27,120,18
28,29,1
28,30,8
28,31,14
28,32,13
28,33,11
28,34,10
28,35,8
28,36,7
28,37,5
28,38,2
28,39,2
28,40,5
28,41,14
28,42,13
28,43,11
28,44,10
28,45,8
28,46,7
28,47,5
28,48,4
28,49,4
28,50,5
28,51,17
28,52,14
28,53,14
28,54,11
28,55,11
28,56,8
28,57,8
28,58,5
28,59,5
28,60,8
28,61,18
28,62,15
28,63,15
28,64,12
28,65,12
28,66,9
28,67,9
28,68,6
28,69,6
28,70,9
28,71,19
28,72,16
28,73,16
28,74,13
28,75,13
28,76,10
28,77,10
28,78,7
28,79,7
28,80,10
28,81,19
28,82,18
28,83,16
28,84,15
28,85,13
28,86,12
28,87,10
28,88,9
28,89,9
28,90,10
28,91,22
28,92,19
28,93,19
28,94,16
28,95,16
28,96,13
28,97,13
28,98,10
28,99,10
28,100,13
28,101,23
28,102,20
28,103,20
28,104,17
28,105,17
28,106,14
28,107,14
28,108,11
28,109,11
28,110,14
28,111,24
28,112,21
28,113,21
28,114,18
28,115,18
28,116,15
28,117,15
28,118,12
28,119,12
28,120,15
29,30,8
29,31,14
29,32,13
29,33,11
29,34,10
29,35,8
29,36,7
29,37,5
29,38,2
29,39,2
29,40,5
29,41,14
29,42,13
29,43,11
29,44,10
29,45,8
29,46,7
29,47,5
29,48,4
29,49,4
29,50,5
29,51,17
29,52,14
29,53,14
29,54,11
29,55,11
29,56,8
29,57,8
29,58,5
29,59,5
29,60,8
29,61,18
29,62,15
29,63,15
29,64,12
29,65,12
29,66,9
29,67,9
29,68,6
29,69,6
29,70,9
29,71,19
29,72,16
29,73,16
29,74,13
29,75,13
29,76,10
29,77,10
29,78,7
29,79,7
29,80,10
29,81,19
29,82,18
29,83,16
29,84,15
29,85,13
29,86,12
29,87,10
29,88,9
29,89,9
29,90,10
29,91,22
29,92,19
29,93,19
29,94,16
29,95,16
29,96,13
29,97,13
29,98,10
29,99,10
29,100,13
29,101,23
29,102,20
29,103,20
29,104,17
29,105,17
29,106,14
29,107,14
29,108,11
29,109,11
29,110,14
29,111,24
29,112,21
29,113,21
29,114,18
29,115,18
29,116,15
29,117,15
29,118,12
29,119,12
29,120,15
30,31,17
30,32,16
30,33,14
30,34,13
30,35,11
30,36,10
30,37,8
30,38,7
30,39,5
30,40,2
30,41,17
30,42,16
30,43,14
30,44,13
30,45,11
30,46,10
30,47,8
30,48,7
30,49,5
30,50,4
30,51,20
30,52,17
30,53,17
30,54,14
30,55,14
30,56,11
30,57,11
30,58,8
30,59,8
30,60,5
30,61,21
30,62,18
30,63,18
30,64,15
30,65,15
30,66,12
30,67,12
30,68,9
30,69,9
30,70,6
30,71,22
30,72,19
30,73,19
30,74,16
30,75,16
30,76,13
30,77,13
30,78,10
30,79,10
30,80,7
30,81,22
30,82,21
30,83,19
30,84,18
30,85,16
30,86,15
30,87,13
30,88,12
30,89,10
30,90,9
30,91,25
30,92,22
30,93,22
30,94,19
30,95,19
30,96,16
30,97,16
30,98,13
30,99,13
30,100,10
30,101,26
30,102,23
30,103,23
30,104,20
30,105,20
30,106,17
30,107,17
30,108,14
30,109,14
30,110,11
30,111,27
30,112,24
30,113,24
30,114,21
30,115,21
30,116,18
30,117,18
30,118,15
30,119,15
30,120,12
31,32,2
31,33,4
31,34,5
31,35,7
31,36,8
31,37,10
31,38,11
31,39,13
31,40,14
31,41,1
31,42,2
31,43,4
31,44,5
31,45,7
31,46,8
31,47,10
31,48,11
31,49,13
31,50,14
31,51,4
31,52,5
31,53,5
31,54,8
31,55,8
31,56,11
31,57,11
31,58,14
31,59,14
31,60,17
31,61,5
31,62,6
31,63,6
31,64,9
31,65,9
31,66,12
31,67,12
31,68,15
31,69,15
31,70,18
31,71,6
31,72,7
31,73,7
31,74,10
31,75,10
31,76,13
31,77,13
31,78,16
31,79,16
31,80,19
31,81,8
31,82,9
31,83,9
31,84,10
31,85,12
31,86,13
31,87,15
31,88,16
31,89,18
31,90,19
31,91,9
31,92,10
31,93,10
31,94,13
31,95,13
31,96,16
31,97,16
31,98,19
31,99,19
31,100,22
31,101,10
31,102,11
31,103,11
31,104,14
31,105,14
31,106,17
31,107,17
31,108,20
31,109,20
31,110,23
31,111,11
31,112,12
31,113,12
31,114,15
31,115,15
31,116,18
31,117,18
31,118,21
31,119,21
31,120,24
32,33,1
32,34,4
32,35,6
32,36,7
32,37,9
32,38,10
32,39,12
32,40,13
32,41,2
32,42,1
32,43,3
32,44,4
32,45,6
32,46,7
32,47,9
32,48,10
32,49,12
32,50,13
32,51,5
32,52,4
32,53,4
32,54,7
32,55,7
32,56,10
32,57,10
32,58,13
32,59,13
32,60,16
32,61,6
32,62,5
32,63,5
32,64,8
32,65,8
32,66,11
32,67,11
32,68,14
32,69,14
32,70,17
32,71,7
32,72,6
32,73,6
32,74,9
32,75,9
32,76,12
32,77,12
32,78,15
32,79,15
32,80,18
32,81,9
32,82,8
32,83,8
32,84,9
32,85,11
32,86,12
32,87,14
32,88,15
32,89,17
32,90,18
32,91,10
32,92,9
32,93,9
32,94,12
32,95,12
32,96,15
32,97,15
32,98,18
32,99,18
32,100,21
32,101,11
32,102,10
32,103,10
32,104,13
32,105,13
32,106,16
32,107,16
32,108,19
32,109,19
32,110,22
32,111,12
32,112,11
32,113,11
32,114,14
32,115,14
32,116,17
32,117,17
32,118,20
32,119,20
32,120,23
33,34,2
33,35,4
33,36,5
33,37,7
33,38,8
33,39,10
33,40,11
33,41,4
33,42,3
33,43,1
33,44,2
33,45,4
33,46,5
33,47,7
33,48,8
33,49,10
33,50,11
33,51,7
33,52,4
33,53,4
33,54,5
33,55,5
33,56,8
33,57,8
33,58,11
33,59,11
33,60,14
33,61,8
33,62,5
33,63,5
33,64,6
33,65,6
33,66,9
33,67,9
33,68,12
33,69,12
33,70,15
33,71,9
33,72,6
33,73,6
33,74,7
33,75,7
33,76,10
33,77,10
33,78,13
33,79,13
33,80,16
33,81,9
33,82,8
33,83,8
33,84,9
33,85,9
33,86,10
33,87,12
33,88,13
33,89,15
33,90,16
33,91,12
33,92,9
33,93,9
33,94,10
33,95,10
33,96,13
33,97,13
33,98,16
33,99,16
33,100,19
33,101,13
33,102,10
33,103,10
33,104,11
33,105,11
33,106,14
33,107,14
33,108,17
33,109,17
33,110,20
33,111,14
33,112,11
33,113,11
33,114,12
33,115,12
33,116,15
33,117,15
33,118,18
33,119,18
33,120,21
34,35,1
34,36,4
34,37,6
34,38,7
34,39,9
34,40,10
34,41,5
34,42,4
34,43,2
34,44,1
34,45,3
34,46,4
34,47,6
34,48,7
34,49,9
34,50,10
34,51,8
34,52,5
34,53,5
34,54,4
34,55,4
34,56,7
34,57,7
34,58,10
34,59,10
34,60,13
34,61,9
34,62,6
34,63,6
34,64,5
34,65,5
34,66,8
34,67,8
34,68,11
34,69,11
34,70,14
34,71,10
34,72,7
34,73,7
34,74,6
34,75,6
34,76,9
34,77,9
34,78,12
34,79,12
34,80,15
34,81,10
34,82,9
34,83,9
34,84,8
34,85,8
34,86,9
34,87,11
34,88,12
34,89,14
34,90,15
34,91,13
34,92,10
34,93,10
34,94,9
34,95,9
34,96,12
34,97,12
34,98,15
34,99,15
34,100,18
34,101,14
34,102,11
34,103,11
34,104,10
34,105,10
34,106,13
34,107,13
34,108,16
34,109,16
34,110,19
34,111,15
34,112,12
34,113,12
34,114,11
34,115,11
34,116,14
34,117,14
34,118,17
34,119,17
34,120,20
35,36,2
35,37,4
35,38,5
35,39,7
35,40,8
35,41,7
35,42,6
35,43,4
35,44,3
35,45,1
35,46,2
35,47,4
35,48,5
35,49,7
35,50,8
35,51,10
35,52,7
35,53,7
35,54,4
35,55,4
35,56,5
35,57,5
35,58,8
35,59,8
35,60,11
35,61,11
35,62,8
35,63,8
35,64,5
35,65,5
35,66,6
35,67,6
35,68,9
35,69,9
35,70,12
35,71,12
35,72,9
35,73,9
35,74,6
35,75,6
35,76,7
35,77,7
35,78,10
35,79,10
35,80,13
35,81,12
35,82,11
35,83,9
35,84,8
35,85,8
35,86,9
35,87,9
35,88,10
35,89,12
35,90,13
35,91,15
35,92,12
35,93,12
35,94,9
35,95,9
35,96,10
35,97,10
35,98,13
35,99,13
35,100,16
35,101,16
35,102,13
35,103,13
35,104,10
35,105,10
35,106,11
35,107,11
35,108,14
35,109,14
35,110,17
35,111,17
35,112,14
35,113,14
35,114,11
35,115,11
35,116,12
35,117,12
35,118,15
35,119,15
35,120,18
36,37,1
36,38,4
36,39,6
36,40,7
36,41,8
36,42,7
36,43,5
36,44,4
36,45,2
36,46,1
36,47,3
36,48,4
36,49,6
36,50,7
36,51,11
36,52,8
36,53,8
36,54,5
36,55,5
36,56,4
36,57,4
36,58,7
36,59,7
36,60,10
36,61,12
36,62,9
36,63,9
36,64,6
36,65,6
36,66,5
36,67,5
36,68,8
36,69,8
36,70,11
36,71,13
36,72,10
36,73,10
36,74,7
36,75,7
36,76,6
36,77,6
36,78,9
36,79,9
36,80,12
36,81,13
36,82,12
36,83,10
36,84,9
36,85,9
36,86,8
36,87,8
36,88,9
36,89,11
36,90,12
36,91,16
36,92,13
36,93,13
36,94,10
36,95,10
36,96,9
36,97,9
36,98,12
36,99,12
36,100,15
36,101,17
36,102,14
36,103,14
36,104,11
36,105,11
36,106,10
36,107,10
36,108,13
36,109,13
36,110,16
36,111,18
36,112,15
36,113,15
36,114,12
36,115,12
36,116,11
36,117,11
36,118,14
36,119,14
36,120,17
37,38,2
37,39,4
37,40,5
37,41,10
37,42,9
37,43,7
37,44,6
37,45,4
37,46,3
37,47,1
37,48,2
37,49,4
37,50,5
37,51,13
37,52,10
37,53,10
37,54,7
37,55,7
37,56,4
37,57,4
37,58,5
37,59,5
37,60,8
37,61,14
37,62,11
37,63,11
37,64,8
37,65,8
37,66,5
37,67,5
37,68,6
37,69,6
37,70,9
37,71,15
37,72,12
37,73,12
37,74,9
37,75,9
37,76,6
37,77,6
37,78,7
37,79,7
37,80,10
37,81,15
37,82,14
37,83,12
37,84,11
37,85,9
37,86,8
37,87,8
37,88,9
37,89,9
37,90,10
37,91,18
37,92,15
37,93,15
37,94,12
37,95,12
37,96,9
37,97,9
37,98,10
37,99,10
37,100,13
37,101,19
37,102,16
37,103,16
37,104,13
37,105,13
37,106,10
37,107,10
37,108,11
37,109,11
37,110,14
37,111,20
37,112,17
37,113,17
37,114,14
37,115,14
37,116,11
37,117,11
37,118,12
37,119,12
37,120,15
38,39,1
38,40,4
38,41,11
38,42,10
38,43,8
38,44,7
38,45,5
38,46,4
38,47,2
38,48,1
38,49,3
38,50,4
38,51,14
38,52,11
38,53,11
38,54,8
38,55,8
38,56,5
38,57,5
38,58,4
38,59,4
38,60,7
38,61,15
38,62,12
38,63,12
38,64,9
38,65,9
38,66,6
38,67,6
38,68,5
38,69,5
38,70,8
38,71,16
38,72,13
38,73,13
38,74,10
38,75,10
38,76,7
38,77,7
38,78,6
38,79,6
38,80,9
38,81,16
38,82,15
38,83,13
38,84,12
38,85,10
38,86,9
38,87,9
38,88,8
38,89,8
38,90,9
38,91,19
38,92,16
38,93,16
38,94,13
38,95,13
38,96,10
38,97,10
38,98,9
38,99,9
38,100,12
38,101,20
38,102,17
38,103,17
38,104,14
38,105,14
38,106,11
38,107,11
38,108,10
38,109,10
38,110,13
38,111,21
38,112,18
38,113,18
38,114,15
38,115,15
38,116,12
38,117,12
38,118,11
38,119,11
38,120,14
39,40,2
39,41,13
39,42,12
39,43,10
39,44,9
39,45,7
39,46,6
39,47,4
39,48,3
39,49,1
39,50,2
39,51,16
39,52,13
39,53,13
39,54,10
39,55,10
39,56,7
39,57,7
39,58,4
39,59,4
39,60,5
39,61,17
39,62,14
39,63,14
39,64,11
39,65,11
39,66,8
39,67,8
39,68,5
39,69,5
39,70,6
39,71,18
39,72,15
39,73,15
39,74,12
39,75,12
39,76,9
39,77,9
39,78,6
39,79,6
39,80,7
39,81,18
39,82,17
39,83,15
39,84,14
39,85,12
39,86,11
39,87,9
39,88,8
39,89,8
39,90,9
39,91,21
39,92,18
39,93,18
39,94,15
39,95,15
39,96,12
39,97,12
39,98,9
39,99,9
39,100,10
39,101,22
39,102,19
39,103,19
39,104,16
39,105,16
39,106,13
39,107,13
39,108,10
39,109,10
39,110,11
39,111,23
39,112,20
39,113,20
39,114,17
39,115,17
39,116,14
39,117,14
39,118,11
39,119,11
39,120,12
40,41,14
40,42,13
40,43,11
40,44,10
40,45,8
40,46,7
40,47,5
40,48,4
40,49,2
40,50,1
40,51,17
40,52,14
40,53,14
40,54,11
40,55,11
40,56,8
40,57,8
40,58,5
40,59,5
40,60,4
40,61,18
40,62,15
40,63,15
40,64,12
40,65,12
40,66,9
40,67,9
40,68,6
40,69,6
40,70,5
40,71,19
40,72,16
40,73,16
40,74,13
40,75,13
40,76,10
40,77,10
40,78,7
40,79,7
40,80,6
40,81,19
40,82,18
40,83,16
40,84,15
40,85,13
40,86,12
40,87,10
40,88,9
40,89,9
40,90,8
40,91,22
40,92,19
40,93,19
40,94,16
40,95,16
40,96,13
40,97,13
40,98,10
40,99,10
40,100,9
40,101,23
40,102,20
40,103,20
40,104,17
40,105,17
40,106,14
40,107,14
40,108,11
40,109,11
40,110,10
40,111,24
40,112,21
40,113,21
40,114,18
40,115,18
40,116,15
40,117,15
40,118,12
40,119,12
40,120,11
41,42,2
41,43,4
41,44,5
41,45,7
41,46,8
41,47,10
41,48,11
41,49,13
41,50,14
41,51,2
41,52,5
41,53,5
41,54,8
41,55,8
41,56,11
41,57,11
41,58,14
41,59,14
41,60,17
41,61,3
41,62,6
41,63,6
41,64,9
41,65,9
41,66,12
41,67,12
41,68,15
41,69,15
41,70,18
41,71,4
41,72,7
41,73,7
41,74,10
41,75,10
41,76,13
41,77,13
41,78,16
41,79,16
41,80,19
41,81,6
41,82,7
41,83,9
41,84,10
41,85,12
41,86,13
41,87,15
41,88,16
41,89,18
41,90,19
41,91,7
41,92,10
41,93,10
41,94,13
41,95,13
41,96,16
41,97,16
41,98,19
41,99,19
41,100,22
41,101,8
41,102,11
41,103,11
41,104,14
41,105,14
41,106,17
41,107,17
41,108,20
41,109,20
41,110,23
41,111,9
41,112,12
41,113,12
41,114,15
41,115,15
41,116,18
41,117,18
41,118,21
41,119,21
41,120,24
42,43,1
42,44,4
42,45,6
42,46,7
42,47,9
42,48,10
42,49,12
42,50,13
42,51,5
42,52,2
42,53,2
42,54,7
42,55,7
42,56,10
42,57,10
42,58,13
42,59,13
42,60,16
42,61,6
42,62,3
42,63,3
42,64,8
42,65,8
42,66,11
42,67,11
42,68,14
42,69,14
42,70,17
42,71,7
42,72,4
42,73,4
42,74,7
42,75,9
42,76,10
42,77,12
42,78,13
42,79,15
42,80,16
42,81,7
42,82,6
42,83,6
42,84,7
42,85,9
42,86,10
42,87,12
42,88,13
42,89,15
42,90,16
42,91,10
42,92,7
42,93,7
42,94,10
42,95,10
42,96,13
42,97,13
42,98,16
42,99,16
42,100,19
42,101,11
42,102,8
42,103,8
42,104,11
42,105,11
42,106,14
42,107,14
42,108,17
42,109,17
42,110,20
42,111,12
42,112,9
42,113,9
42,114,12
42,115,12
42,116,15
42,117,15
42,118,18
42,119,18
42,120,21
43,44,2
43,45,4
43,46,5
43,47,7
43,48,8
43,49,10
43,50,11
43,51,7
43,52,2
43,53,2
43,54,5
43,55,5
43,56,8
43,57,8
43,58,11
43,59,11
43,60,14
43,61,8
43,62,3
43,63,3
43,64,6
43,65,6
43,66,9
43,67,9
43,68,12
43,69,12
43,70,15
43,71,7
43,72,4
43,73,4
43,74,7
43,75,7
43,76,10
43,77,10
43,78,13
43,79,13
43,80,16
43,81,7
43,82,6
43,83,6
43,84,7
43,85,9
43,86,10
43,87,12
43,88,13
43,89,15
43,90,16
43,91,10
43,92,7
43,93,7
43,94,10
43,95,10
43,96,13
43,97,13
43,98,16
43,99,16
43,100,19
43,101,11
43,102,8
43,103,8
43,104,11
43,105,11
43,106,14
43,107,14
43,108,17
43,109,17
43,110,20
43,111,12
43,112,9
43,113,9
43,114,12
43,115,12
43,116,15
43,117,15
43,118,18
43,119,18
43,120,21
44,45,1
44,46,4
44,47,6
44,48,7
44,49,9
44,50,10
44,51,8
44,52,5
44,53,5
44,54,2
44,55,2
44,56,7
44,57,7
44,58,10
44,59,10
44,60,13
44,61,9
44,62,6
44,63,6
44,64,3
44,65,3
44,66,8
44,67,8
44,68,11
44,69,11
44,70,14
44,71,10
44,72,7
44,73,7
44,74,4
44,75,4
44,76,7
44,77,9
44,78,10
44,79,12
44,80,13
44,81,10
44,82,9
44,83,7
44,84,6
44,85,6
44,86,7
44,87,9
44,88,10
44,89,12
44,90,13
44,91,13
44,92,10
44,93,10
44,94,7
44,95,7
44,96,10
44,97,10
44,98,13
44,99,13
44,100,16
44,101,14
44,102,11
44,103,11
44,104,8
44,105,8
44,106,11
44,107,11
44,108,14
44,109,14
44,110,17
44,111,15
44,112,12
44,113,12
44,114,9
44,115,9
44,116,12
44,117,12
44,118,15
44,119,15
44,120,18
45,46,2
45,47,4
45,48,5
45,49,7
45,50,8
45,51,10
45,52,7
45,53,7
45,54,2
45,55,2
45,56,5
45,57,5
45,58,8
45,59,8
45,60,11
45,61,11
45,62,8
45,63,8
45,64,3
45,65,3
45,66,6
45,67,6
45,68,9
45,69,9
45,70,12
45,71,10
45,72,9
45,73,7
45,74,4
45,75,4
45,76,7
45,77,7
45,78,10
45,79,10
45,80,13
45,81,10
45,82,9
45,83,7
45,84,6
45,85,6
45,86,7
45,87,9
45,88,10
45,89,12
45,90,13
45,91,13
45,92,10
45,93,10
45,94,7
45,95,7
45,96,10
45,97,10
45,98,13
45,99,13
45,100,16
45,101,14
45,102,11
45,103,11
45,104,8
45,105,8
45,106,11
45,107,11
45,108,14
45,109,14
45,110,17
45,111,15
45,112,12
45,113,12
45,114,9
45,115,9
45,116,12
45,117,12
45,118,15
45,119,15
45,120,18
46,47,1
46,48,4
46,49,6
46,50,7
46,51,11
46,52,8
46,53,8
46,54,5
46,55,5
46,56,2
46,57,2
46,58,7
46,59,7
46,60,10
46,61,12
46,62,9
46,63,9
46,64,6
46,65,6
46,66,3
46,67,3
46,68,8
46,69,8
46,70,11
46,71,13
46,72,10
46,73,10
46,74,7
46,75,7
46,76,4
46,77,4
46,78,7
46,79,9
46,80,10
46,81,13
46,82,12
46,83,10
46,84,9
46,85,7
46,86,6
46,87,6
46,88,7
46,89,9
46,90,10
46,91,16
46,92,13
46,93,13
46,94,10
46,95,10
46,96,7
46,97,7
46,98,10
46,99,10
46,100,13
46,101,17
46,102,14
46,103,14
46,104,11
46,105,11
46,106,8
46,107,8
46,108,11
46,109,11
46,110,14
46,111,18
46,112,15
46,113,15
46,114,12
46,115,12
46,116,9
46,117,9
46,118,12
46,119,12
46,120,15
47,48,2
47,49,4
47,50,5
47,51,13
47,52,10
47,53,10
47,54,7
47,55,7
47,56,2
47,57,2
47,58,5
47,59,5
47,60,8
47,61,14
47,62,11
47,63,11
47,64,8
47,65,8
47,66,3
47,67,3
47,68,6
47,69,6
47,70,9
47,71,13
47,72,12
47,73,10
47,74,9
47,75,7
47,76,4
47,77,4
47,78,7
47,79,7
47,80,10
47,81,13
47,82,12
47,83,10
47,84,9
47,85,7
47,86,6
47,87,6
47,88,7
47,89,9
47,90,10
47,91,16
47,92,13
47,93,13
47,94,10
47,95,10
47,96,7
47,97,7
47,98,10
47,99,10
47,100,13
47,101,17
47,102,14
47,103,14
47,104,11
47,105,11
47,106,8
47,107,8
47,108,11
47,109,11
47,110,14
47,111,18
47,112,15
47,113,15
47,114,12
47,115,12
47,116,9
47,117,9
47,118,12
47,119,12
47,120,15
48,49,1
48,50,4
48,51,14
48,52,11
48,53,11
48,54,8
48,55,8
48,56,5
48,57,5
48,58,2
48,59,2
48,60,7
48,61,15
48,62,12
48,63,12
48,64,9
48,65,9
48,66,6
48,67,6
48,68,3
48,69,3
48,70,8
48,71,16
48,72,13
48,73,13
48,74,10
48,75,10
48,76,7
48,77,7
48,78,4
48,79,4
48,80,7
48,81,16
48,82,15
48,83,13
48,84,12
48,85,10
48,86,9
48,87,7
48,88,6
48,89,6
48,90,7
48,91,19
48,92,16
48,93,16
48,94,13
48,95,13
48,96,10
48,97,10
48,98,7
48,99,7
48,100,10
48,101,20
48,102,17
48,103,17
48,104,14
48,105,14
48,106,11
48,107,11
48,108,8
48,109,8
48,110,11
48,111,21
48,112,18
48,113,18
48,114,15
48,115,15
48,116,12
48,117,12
48,118,9
48,119,9
48,120,12
49,50,2
49,51,16
49,52,13
49,53,13
49,54,10
49,55,10
49,56,7
49,57,7
49,58,2
49,59,2
49,60,5
49,61,17
49,62,14
49,63,14
49,64,11
49,65,11
49,66,8
49,67,8
49,68,3
49,69,3
49,70,6
49,71,16
49,72,15
49,73,13
49,74,12
49,75,10
49,76,9
49,77,7
49,78,4
49,79,4
49,80,7
49,81,16
49,82,15
49,83,13
49,84,12
49,85,10
49,86,9
49,87,7
49,88,6
49,89,6
49,90,7
49,91,19
49,92,16
49,93,16
49,94,13
49,95,13
49,96,10
49,97,10
49,98,7
49,99,7
49,100,10
49,101,20
49,102,17
49,103,17
49,104,14
49,105,14
49,106,11
49,107,11
49,108,8
49,109,8
49,110,11
49,111,21
49,112,18
49,113,18
49,114,15
49,115,15
49,116,12
49,117,12
49,118,9
49,119,9
49,120,12
50,51,17
50,52,14
50,53,14
50,54,11
50,55,11
50,56,8
50,57,8
50,58,5
50,59,5
50,60,2
50,61,18
50,62,15
50,63,15
50,64,12
50,65,12
50,66,9
50,67,9
50,68,6
50,69,6
50,70,3
50,71,19
50,72,16
50,73,16
50,74,13
50,75,13
50,76,10
50,77,10
50,78,7
50,79,7
50,80,4
50,81,19
50,82,18
50,83,16
50,84,15
50,85,13
50,86,12
50,87,10
50,88,9
50,89,7
50,90,6
50,91,22
50,92,19
50,93,19
50,94,16
50,95,16
50,96,13
50,97,13
50,98,10
50,99,10
50,100,7
50,101,23
50,102,20
50,103,20
50,104,17
50,105,17
50,106,14
50,107,14
50,108,11
50,109,11
50,110,8
50,111,24
50,112,21
50,113,21
50,114,18
50,115,18
50,116,15
50,117,15
50,118,12
50,119,12
50,120,9
51,52,8
51,53,8
51,54,11
51,55,11
51,56,14
51,57,14
51,58,17
51,59,17
51,60,20
51,61,2
51,62,9
51,63,9
51,64,12
51,65,12
51,66,15
51,67,15
51,68,18
51,69,18
51,70,21
51,71,3
51,72,6
51,73,8
51,74,9
51,75,11
51,76,12
51,77,14
51,78,15
51,79,17
51,80,18
51,81,5
51,82,6
51,83,8
51,84,9
51,85,11
51,86,12
51,87,14
51,88,15
51,89,17
51,90,18
51,91,6
51,92,9
51,93,9
51,94,12
51,95,12
51,96,15
51,97,15
51,98,18
51,99,18
51,100,21
51,101,7
51,102,10
51,103,10
51,104,13
51,105,13
51,106,16
51,107,16
51,108,19
51,109,19
51,110,22
51,111,8
51,112,11
51,113,11
51,114,14
51,115,14
51,116,17
51,117,17
51,118,20
51,119,20
51,120,23
52,53,1
52,54,8
52,55,8
52,56,11
52,57,11
52,58,14
52,59,14
52,60,17
52,61,9
52,62,2
52,63,2
52,64,9
52,65,9
52,66,12
52,67,12
52,68,15
52,69,15
52,70,18
52,71,6
52,72,3
52,73,3
52,74,6
52,75,8
52,76,9
52,77,11
52,78,12
52,79,14
52,80,15
52,81,6
52,82,5
52,83,5
52,84,6
52,85,8
52,86,9
52,87,11
52,88,12
52,89,14
52,90,15
52,91,9
52,92,6
52,93,6
52,94,9
52,95,9
52,96,12
52,97,12
52,98,15
52,99,15
52,100,18
52,101,10
52,102,7
52,103,7
52,104,10
52,105,10
52,106,13
52,107,13
52,108,16
52,109,16
52,110,19
52,111,11
52,112,8
52,113,8
52,114,11
52,115,11
52,116,14
52,117,14
52,118,17
52,119,17
52,120,20
53,54,8
53,55,8
53,56,11
53,57,11
53,58,14
53,59,14
53,60,17
53,61,9
53,62,2
53,63,2
53,64,9
53,65,9
53,66,12
53,67,12
53,68,15
53,69,15
53,70,18
53,71,6
53,72,3
53,73,3
53,74,6
53,75,8
53,76,9
53,77,11
53,78,12
53,79,14
53,80,15
53,81,6
53,82,5
53,83,5
53,84,6
53,85,8
53,86,9
53,87,11
53,88,12
53,89,14
53,90,15
53,91,9
53,92,6
53,93,6
53,94,9
53,95,9
53,96,12
53,97,12
53,98,15
53,99,15
53,100,18
53,101,10
53,102,7
53,103,7
53,104,10
53,105,10
53,106,13
53,107,13
53,108,16
53,109,16
53,110,19
53,111,11
53,112,8
53,113,8
53,114,11
53,115,11
53,116,14
53,117,14
53,118,17
53,119,17
53,120,20
54,55,1
54,56,8
54,57,8
54,58,11
54,59,11
54,60,14
54,61,12
54,62,9
54,63,9
54,64,2
54,65,2
54,66,9
54,67,9
54,68,12
54,69,12
54,70,15
54,71,9
54,72,8
54,73,6
54,74,3
54,75,3
54,76,6
54,77,8
54,78,9
54,79,11
54,80,12
54,81,9
54,82,8
54,83,6
54,84,5
54,85,5
54,86,6
54,87,8
54,88,9
54,89,11
54,90,12
54,91,12
54,92,9
54,93,9
54,94,6
54,95,6
54,96,9
54,97,9
54,98,12
54,99,12
54,100,15
54,101,13
54,102,10
54,103,10
54,104,7
54,105,7
54,106,10
54,107,10
54,108,13
54,109,13
54,110,16
54,111,14
54,112,11
54,113,11
54,114,8
54,115,8
54,116,11
54,117,11
54,118,14
54,119,14
54,120,17
55,56,8
55,57,8
55,58,11
55,59,11
55,60,14
55,61,12
55,62,9
55,63,9
55,64,2
55,65,2
55,66,9
55,67,9
55,68,12
55,69,12
55,70,15
55,71,9
55,72,8
55,73,6
55,74,3
55,75,3
55,76,6
55,77,8
55,78,9
55,79,11
55,80,12
55,81,9
55,82,8
55,83,6
55,84,5
55,85,5
55,86,6
55,87,8
55,88,9
55,89,11
55,90,12
55,91,12
55,92,9
55,93,9
55,94,6
55,95,6
55,96,9
55,97,9
55,98,12
55,99,12
55,100,15
55,101,13
55,102,10
55,103,10
55,104,7
55,105,7
55,106,10
55,107,10
55,108,13
55,109,13
55,110,16
55,111,14
55,112,11
55,113,11
55,114,8
55,115,8
55,116,11
55,117,11
55,118,14
55,119,14
55,120,17
56,57,1
56,58,8
56,59,8
56,60,11
56,61,15
56,62,12
56,63,12
56,64,9
56,65,9
56,66,2
56,67,2
56,68,9
56,69,9
56,70,12
56,71,12
56,72,11
56,73,9
56,74,8
56,75,6
56,76,3
56,77,3
56,78,6
56,79,8
56,80,9
56,81,12
56,82,11
56,83,9
56,84,8
56,85,6
56,86,5
56,87,5
56,88,6
56,89,8
56,90,9
56,91,15
56,92,12
56,93,12
56,94,9
56,95,9
56,96,6
56,97,6
56,98,9
56,99,9
56,100,12
56,101,16
56,102,13
56,103,13
56,104,10
56,105,10
56,106,7
56,107,7
56,108,10
56,109,10
56,110,13
56,111,17
56,112,14
56,113,14
56,114,11
56,115,11
56,116,8
56,117,8
56,118,11
56,119,11
56,120,14
57,58,8
57,59,8
57,60,11
57,61,15
57,62,12
57,63,12
57,64,9
57,65,9
57,66,2
57,67,2
57,68,9
57,69,9
57,70,12
57,71,12
57,72,11
57,73,9
57,74,8
57,75,6
57,76,3
57,77,3
57,78,6
57,79,8
57,80,9
57,81,12
57,82,11
57,83,9
57,84,8
57,85,6
57,86,5
57,87,5
57,88,6
57,89,8
57,90,9
57,91,15
57,92,12
57,93,12
57,94,9
57,95,9
57,96,6
57,97,6
57,98,9
57,99,9
57,100,12
57,101,16
57,102,13
57,103,13
57,104,10
57,105,10
57,106,7
57,107,7
57,108,10
57,109,10
57,110,13
57,111,17
57,112,14
57,113,14
57,114,11
57,115,11
57,116,8
57,117,8
57,118,11
57,119,11
57,120,14
58,59,1
58,60,8
58,61,18
58,62,15
58,63,15
58,64,12
58,65,12
58,66,9
58,67,9
58,68,2
58,69,2
58,70,9
58,71,15
58,72,14
58,73,12
58,74,11
58,75,9
58,76,8
58,77,6
58,78,3
58,79,3
58,80,6
58,81,15
58,82,14
58,83,12
58,84,11
58,85,9
58,86,8
58,87,6
58,88,5
58,89,5
58,90,6
58,91,18
58,92,15
58,93,15
58,94,12
58,95,12
58,96,9
58,97,9
58,98,6
58,99,6
58,100,9
58,101,19
58,102,16
58,103,16
58,104,13
58,105,13
58,106,10
58,107,10
58,108,7
58,109,7
58,110,10
58,111,20
58,112,17
58,113,17
58,114,14
58,115,14
58,116,11
58,117,11
58,118,8
58,119,8
58,120,11
59,60,8
59,61,18
59,62,15
59,63,15
59,64,12
59,65,12
59,66,9
59,67,9
59,68,2
59,69,2
59,70,9
59,71,15
59,72,14
59,73,12
59,74,11
59,75,9
59,76,8
59,77,6
59,78,3
59,79,3
59,80,6
59,81,15
59,82,14
59,83,12
59,84,11
59,85,9
59,86,8
59,87,6
59,88,5
59,89,5
59,90,6
59,91,18
59,92,15
59,93,15
59,94,12
59,95,12
59,96,9
59,97,9
59,98,6
59,99,6
59,100,9
59,101,19
59,102,16
59,103,16
59,104,13
59,105,13
59,106,10
59,107,10
59,108,7
59,109,7
59,110,10
59,111,20
59,112,17
59,113,17
59,114,14
59,115,14
59,116,11
59,117,11
59,118,8
59,119,8
59,120,11
60,61,21
60,62,18
60,63,18
60,64,15
60,65,15
60,66,12
60,67,12
60,68,9
60,69,9
60,70,2
60,71,18
60,72,17
60,73,15
60,74,14
60,75,12
60,76,11
60,77,9
60,78,8
60,79,6
60,80,3
60,81,18
60,82,17
60,83,15
60,84,14
60,85,12
60,86,11
60,87,9
60,88,8
60,89,6
60,90,5
60,91,21
60,92,18
60,93,18
60,94,15
60,95,15
60,96,12
60,97,12
60,98,9
60,99,9
60,100,6
60,101,22
60,102,19
60,103,19
60,104,16
60,105,16
60,106,13
60,107,13
60,108,10
60,109,10
60,110,7
60,111,23
60,112,20
60,113,20
60,114,17
60,115,17
60,116,14
60,117,14
60,118,11
60,119,11
60,120,8
61,62,8
61,63,8
61,64,11
61,65,11
61,66,14
61,67,14
61,68,17
61,69,17
61,70,20
61,71,2
61,72,5
61,73,7
61,74,8
61,75,10
61,76,11
61,77,13
61,78,14
61,79,16
61,80,17
61,81,4
61,82,5
61,83,7
61,84,8
61,85,10
61,86,11
61,87,13
61,88,14
61,89,16
61,90,17
61,91,5
61,92,8
61,93,8
61,94,11
61,95,11
61,96,14
61,97,14
61,98,17
61,99,17
61,100,20
61,101,6
61,102,9
61,103,9
61,104,12
61,105,12
61,106,15
61,107,15
61,108,18
61,109,18
61,110,21
61,111,7
61,112,10
61,113,10
61,114,13
61,115,13
61,116,16
61,117,16
61,118,19
61,119,19
61,120,22
62,63,1
62,64,8
62,65,8
62,66,11
62,67,11
62,68,14
62,69,14
62,70,17
62,71,5
62,72,2
62,73,2
62,74,5
62,75,7
62,76,8
62,77,10
62,78,11
62,79,13
62,80,14
62,81,5
62,82,4
62,83,4
62,84,5
62,85,7
62,86,8
62,87,10
62,88,11
62,89,13
62,90,14
62,91,8
62,92,5
62,93,5
62,94,8
62,95,8
62,96,11
62,97,11
62,98,14
62,99,14
62,100,17
62,101,9
62,102,6
62,103,6
62,104,9
62,105,9
62,106,12
62,107,12
62,108,15
62,109,15
62,110,18
62,111,10
62,112,7
62,113,7
62,114,10
62,115,10
62,116,13
62,117,13
62,118,16
62,119,16
62,120,19
63,64,8
63,65,8
63,66,11
63,67,11
63,68,14
63,69,14
63,70,17
63,71,5
63,72,2
63,73,2
63,74,5
63,75,7
63,76,8
63,77,10
63,78,11
63,79,13
63,80,14
63,81,5
63,82,4
63,83,4
63,84,5
63,85,7
63,86,8
63,87,10
63,88,11
63,89,13
63,90,14
63,91,8
63,92,5
63,93,5
63,94,8
63,95,8
63,96,11
63,97,11
63,98,14
63,99,14
63,100,17
63,101,9
63,102,6
63,103,6
63,104,9
63,105,9
63,106,12
63,107,12
63,108,15
63,109,15
63,110,18
63,111,10
63,112,7
63,113,7
63,114,10
63,115,10
63,116,13
63,117,13
63,118,16
63,119,16
63,120,19
64,65,1
64,66,8
64,67,8
64,68,11
64,69,11
64,70,14
64,71,8
64,72,7
64,73,5
64,74,2
64,75,2
64,76,5
64,77,7
64,78,8
64,79,10
64,80,11
64,81,8
64,82,7
64,83,5
64,84,4
64,85,4
64,86,5
64,87,7
64,88,8
64,89,10
64,90,11
64,91,11
64,92,8
64,93,8
64,94,5
64,95,5
64,96,8
64,97,8
64,98,11
64,99,11
64,100,14
64,101,12
64,102,9
64,103,9
64,104,6
64,105,6
64,106,9
64,107,9
64,108,12
64,109,12
64,110,15
64,111,13
64,112,10
64,113,10
64,114,7
64,115,7
64,116,10
64,117,10
64,118,13
64,119,13
64,120,16
65,66,8
65,67,8
65,68,11
65,69,11
65,70,14
65,71,8
65,72,7
65,73,5
65,74,2
65,75,2
65,76,5
65,77,7
65,78,8
65,79,10
65,80,11
65,81,8
65,82,7
65,83,5
65,84,4
65,85,4
65,86,5
65,87,7
65,88,8
65,89,10
65,90,11
65,91,11
65,92,8
65,93,8
65,94,5
65,95,5
65,96,8
65,97,8
65,98,11
65,99,11
65,100,14
65,101,12
65,102,9
65,103,9
65,104,6
65,105,6
65,106,9
65,107,9
65,108,12
65,109,12
65,110,15
65,111,13
65,112,10
65,113,10
65,114,7
65,115,7
65,116,10
65,117,10
65,118,13
65,119,13
65,120,16
66,67,1
66,68,8
66,69,8
66,70,11
66,71,11
66,72,10
66,73,8
66,74,7
66,75,5
66,76,2
66,77,2
66,78,5
66,79,7
66,80,8
66,81,11
66,82,10
66,83,8
66,84,7
66,85,5
66,86,4
66,87,4
66,88,5
66,89,7
66,90,8
66,91,14
66,92,11
66,93,11
66,94,8
66,95,8
66,96,5
66,97,5
66,98,8
66,99,8
66,100,11
66,101,15
66,102,12
66,103,12
66,104,9
66,105,9
66,106,6
66,107,6
66,108,9
66,109,9
66,110,12
66,111,16
66,112,13
66,113,13
66,114,10
66,115,10
66,116,7
66,117,7
66,118,10
66,119,10
66,120,13
67,68,8
67,69,8
67,70,11
67,71,11
67,72,10
67,73,8
67,74,7
67,75,5
67,76,2
67,77,2
67,78,5
67,79,7
67,80,8
67,81,11
67,82,10
67,83,8
67,84,7
67,85,5
67,86,4
67,87,4
67,88,5
67,89,7
67,90,8
67,91,14
67,92,11
67,93,11
67,94,8
67,95,8
67,96,5
67,97,5
67,98,8
67,99,8
67,100,11
67,101,15
67,102,12
67,103,12
67,104,9
67,105,9
67,106,6
67,107,6
67,108,9
67,109,9
67,110,12
67,111,16
67,112,13
67,113,13
67,114,10
67,115,10
67,116,7
67,117,7
67,118,10
67,119,10
67,120,13
68,69,1
68,70,8
68,71,14
68,72,13
68,73,11
68,74,10
68,75,8
68,76,7
68,77,5
68,78,2
68,79,2
68,80,5
68,81,14
68,82,13
68,83,11
68,84,10
68,85,8
68,86,7
68,87,5
68,88,4
68,89,4
68,90,5
68,91,17
68,92,14
68,93,14
68,94,11
68,95,11
68,96,8
68,97,8
68,98,5
68,99,5
68,100,8
68,101,18
68,102,15
68,103,15
68,104,12
68,105,12
68,106,9
68,107,9
68,108,6
68,109,6
68,110,9
68,111,19
68,112,16
68,113,16
68,114,13
68,115,13
68,116,10
68,117,10
68,118,7
68,119,7
68,120,10
69,70,8
69,71,14
69,72,13
69,73,11
69,74,10
69,75,8
69,76,7
69,77,5
69,78,2
69,79,2
69,80,5
69,81,14
69,82,13
69,83,11
69,84,10
69,85,8
69,86,7
69,87,5
69,88,4
69,89,4
69,90,5
69,91,17
69,92,14
69,93,14
69,94,11
69,95,11
69,96,8
69,97,8
69,98,5
69,99,5
69,100,8
69,101,18
69,102,15
69,103,15
69,104,12
69,105,12
69,106,9
69,107,9
69,108,6
69,109,6
69,110,9
69,111,19
69,112,16
69,113,16
69,114,13
69,115,13
69,116,10
69,117,10
69,118,7
69,119,7
69,120,10
70,71,17
70,72,16
70,73,14
70,74,13
70,75,11
70,76,10
70,77,8
70,78,7
70,79,5
70,80,2
70,81,17
70,82,16
70,83,14
70,84,13
70,85,11
70,86,10
70,87,8
70,88,7
70,89,5
70,90,4
70,91,20
70,92,17
70,93,17
70,94,14
70,95,14
70,96,11
70,97,11
70,98,8
70,99,8
70,100,5
70,101,21
70,102,18
70,103,18
70,104,15
70,105,15
70,106,12
70,107,12
70,108,9
70,109,9
70,110,6
70,111,22
70,112,19
70,113,19
70,114,16
70,115,16
70,116,13
70,117,13
70,118,10
70,119,10
70,120,7
71,72,2
71,73,4
71,74,5
71,75,7
71,76,8
71,77,10
71,78,11
71,79,13
71,80,14
71,81,1
71,82,2
71,83,4
71,84,5
71,85,7
71,86,8
71,87,10
71,88,11
71,89,13
71,90,14
71,91,4
71,92,5
71,93,5
71,94,8
71,95,8
71,96,11
71,97,11
71,98,14
71,99,14
71,100,17
71,101,5
71,102,6
71,103,6
71,104,9
71,105,9
71,106,12
71,107,12
71,108,15
71,109,15
71,110,18
71,111,6
71,112,7
71,113,7
71,114,10
71,115,10
71,116,13
71,117,13
71,118,16
71,119,16
71,120,19
72,73,1
72,74,4
72,75,6
72,76,7
72,77,9
72,78,10
72,79,12
72,80,13
72,81,2
72,82,1
72,83,3
72,84,4
72,85,6
72,86,7
72,87,9
72,88,10
72,89,12
72,90,13
72,91,5
72,92,4
72,93,4
72,94,7
72,95,7
72,96,10
72,97,10
72,98,13
72,99,13
72,100,16
72,101,6
72,102,5
72,103,5
72,104,8
72,105,8
72,106,11
72,107,11
72,108,14
72,109,14
72,110,17
72,111,7
72,112,6
72,113,6
72,114,9
72,115,9
72,116,12
72,117,12
72,118,15
72,119,15
72,120,18
73,74,2
73,75,4
73,76,5
73,77,7
73,78,8
73,79,10
73,80,11
73,81,4
73,82,3
73,83,1
73,84,2
73,85,4
73,86,5
73,87,7
73,88,8
73,89,10
73,90,11
73,91,7
73,92,4
73,93,4
73,94,5
73,95,5
73,96,8
73,97,8
73,98,11
73,99,11
73,100,14
73,101,8
73,102,5
73,103,5
73,104,6
73,105,6
73,106,9
73,107,9
73,108,12
73,109,12
73,110,15
73,111,9
73,112,6
73,113,6
73,114,7
73,115,7
73,116,10
73,117,10
73,118,13
73,119,13
73,120,16
74,75,1
74,76,4
74,77,6
74,78,7
74,79,9
74,80,10
74,81,5
74,82,4
74,83,2
74,84,1
74,85,3
74,86,4
74,87,6
74,88,7
74,89,9
74,90,10
74,91,8
74,92,5
74,93,5
74,94,4
74,95,4
74,96,7
74,97,7
74,98,10
74,99,10
74,100,13
74,101,9
74,102,6
74,103,6
74,104,5
74,105,5
74,106,8
74,107,8
74,108,11
74,109,11
74,110,14
74,111,10
74,112,7
74,113,7
74,114,6
74,115,6
74,116,9
74,117,9
74,118,12
74,119,12
74,120,15
75,76,2
75,77,4
75,78,5
75,79,7
75,80,8
75,81,7
75,82,6
75,83,4
75,84,3
75,85,1
75,86,2
75,87,4
75,88,5
75,89,7
75,90,8
75,91,10
75,92,7
75,93,7
75,94,4
75,95,4
75,96,5
75,97,5
75,98,8
75,99,8
75,100,11
75,101,11
75,102,8
75,103,8
75,104,5
75,105,5
75,106,6
75,107,6
75,108,9
75,109,9
75,110,12
75,111,12
75,112,9
75,113,9
75,114,6
75,115,6
75,116,7
75,117,7
75,118,10
75,119,10
75,120,13
76,77,1
76,78,4
76,79,6
76,80,7
76,81,8
76,82,7
76,83,5
76,84,4
76,85,2
76,86,1
76,87,3
76,88,4
76,89,6
76,90,7
76,91,11
76,92,8
76,93,8
76,94,5
76,95,5
76,96,4
76,97,4
76,98,7
76,99,7
76,100,10
76,101,12
76,102,9
76,103,9
76,104,6
76,105,6
76,106,5
76,107,5
76,108,8
76,109,8
76,110,11
76,111,13
76,112,10
76,113,10
76,114,7
76,115,7
76,116,6
76,117,6
76,118,9
76,119,9
76,120,12
77,78,2
77,79,4
77,80,5
77,81,10
77,82,9
77,83,7
77,84,6
77,85,4
77,86,3
77,87,1
77,88,2
77,89,4
77,90,5
77,91,13
77,92,10
77,93,10
77,94,7
77,95,7
77,96,4
77,97,4
77,98,5
77,99,5
77,100,8
77,101,14
77,102,11
77,103,11
77,104,8
77,105,8
77,106,5
77,107,5
77,108,6
77,109,6
77,110,9
77,111,15
77,112,12
77,113,12
77,114,9
77,115,9
77,116,6
77,117,6
77,118,7
77,119,7
77,120,10
78,79,1
78,80,4
78,81,11
78,82,10
78,83,8
78,84,7
78,85,5
78,86,4
78,87,2
78,88,1
78,89,3
78,90,4
78,91,14
78,92,11
78,93,11
78,94,8
78,95,8
78,96,5
78,97,5
78,98,4
78,99,4
78,100,7
78,101,15
78,102,12
78,103,12
78,104,9
78,105,9
78,106,6
78,107,6
78,108,5
78,109,5
78,110,8
78,111,16
78,112,13
78,113,13
78,114,10
78,115,10
78,116,7
78,117,7
78,118,6
78,119,6
78,120,9
79,80,2
79,81,13
79,82,12
79,83,10
79,84,9
79,85,7
79,86,6
79,87,4
79,88,3
79,89,1
79,90,2
79,91,16
79,92,13
79,93,13
79,94,10
79,95,10
79,96,7
79,97,7
79,98,4
79,99,4
79,100,5
79,101,17
79,102,14
79,103,14
79,104,11
79,105,11
79,106,8
79,107,8
79,108,5
79,109,5
79,110,6
79,111,18
79,112,15
79,113,15
79,114,12
79,115,12
79,116,9
79,117,9
79,118,6
79,119,6
79,120,7
80,81,14
80,82,13
80,83,11
80,84,10
80,85,8
80,86,7
80,87,5
80,88,4
80,89,2
80,90,1
80,91,17
80,92,14
80,93,14
80,94,11
80,95,11
80,96,8
80,97,8
80,98,5
80,99,5
80,100,4
80,101,18
80,102,15
80,103,15
80,104,12
80,105,12
80,106,9
80,107,9
80,108,6
80,109,6
80,110,5
80,111,19
80,112,16
80,113,16
80,114,13
80,115,13
80,116,10
80,117,10
80,118,7
80,119,7
80,120,6
81,82,2
81,83,4
81,84,5
81,85,7
81,86,8
81,87,10
81,88,11
81,89,13
81,90,14
81,91,2
81,92,5
81,93,5
81,94,8
81,95,8
81,96,11
81,97,11
81,98,14
81,99,14
81,100,17
81,101,3
81,102,6
81,103,6
81,104,9
81,105,9
81,106,12
81,107,12
81,108,15
81,109,15
81,110,18
81,111,4
81,112,7
81,113,7
81,114,10
81,115,10
81,116,13
81,117,13
81,118,16
81,119,16
81,120,19
82,83,1
82,84,4
82,85,6
82,86,7
82,87,9
82,88,10
82,89,12
82,90,13
82,91,5
82,92,2
82,93,2
82,94,7
82,95,7
82,96,10
82,97,10
82,98,13
82,99,13
82,100,16
82,101,6
82,102,3
82,103,3
82,104,8
82,105,8
82,106,11
82,107,11
82,108,14
82,109,14
82,110,17
82,111,7
82,112,4
82,113,4
82,114,7
82,115,9
82,116,10
82,117,12
82,118,13
82,119,15
82,120,16
83,84,2
83,85,4
83,86,5
83,87,7
83,88,8
83,89,10
83,90,11
83,91,7
83,92,2
83,93,2
83,94,5
83,95,5
83,96,8
83,97,8
83,98,11
83,99,11
83,100,14
83,101,8
83,102,3
83,103,3
83,104,6
83,105,6
83,106,9
83,107,9
83,108,12
83,109,12
83,110,15
83,111,7
83,112,4
83,113,4
83,114,7
83,115,7
83,116,10
83,117,10
83,118,13
83,119,13
83,120,16
84,85,1
84,86,4
84,87,6
84,88,7
84,89,9
84,90,10
84,91,8
84,92,5
84,93,5
84,94,2
84,95,2
84,96,7
84,97,7
84,98,10
84,99,10
84,100,13
84,101,9
84,102,6
84,103,6
84,104,3
84,105,3
84,106,8
84,107,8
84,108,11
84,109,11
84,110,14
84,111,10
84,112,7
84,113,7
84,114,4
84,115,4
84,116,7
84,117,9
84,118,10
84,119,12
84,120,13
85,86,2
85,87,4
85,88,5
85,89,7
85,90,8
85,91,10
85,92,7
85,93,7
85,94,2
85,95,2
85,96,5
85,97,5
85,98,8
85,99,8
85,100,11
85,101,11
85,102,8
85,103,8
85,104,3
85,105,3
85,106,6
85,107,6
85,108,9
85,109,9
85,110,12
85,111,10
85,112,9
85,113,7
85,114,4
85,115,4
85,116,7
85,117,7
85,118,10
85,119,10
85,120,13
86,87,1
86,88,4
86,89,6
86,90,7
86,91,11
86,92,8
86,93,8
86,94,5
86,95,5
86,96,2
86,97,2
86,98,7
86,99,7
86,100,10
86,101,12
86,102,9
86,103,9
86,104,6
86,105,6
86,106,3
86,107,3
86,108,8
86,109,8
86,110,11
86,111,13
86,112,10
86,113,10
86,114,7
86,115,7
86,116,4
86,117,4
86,118,7
86,119,9
86,120,10
87,88,2
87,89,4
87,90,5
87,91,13
87,92,10
87,93,10
87,94,7
87,95,7
87,96,2
87,97,2
87,98,5
87,99,5
87,100,8
87,101,14
87,102,11
87,103,11
87,104,8
87,105,8
87,106,3
87,107,3
87,108,6
87,109,6
87,110,9
87,111,13
87,112,12
87,113,10
87,114,9
87,115,7
87,116,4
87,117,4
87,118,7
87,119,7
87,120,10
88,89,1
88,90,4
88,91,14
88,92,11
88,93,11
88,94,8
88,95,8
88,96,5
88,97,5
88,98,2
88,99,2
88,100,7
88,101,15
88,102,12
88,103,12
88,104,9
88,105,9
88,106,6
88,107,6
88,108,3
88,109,3
88,110,8
88,111,16
88,112,13
88,113,13
88,114,10
88,115,10
88,116,7
88,117,7
88,118,4
88,119,4
88,120,7
89,90,2
89,91,16
89,92,13
89,93,13
89,94,10
89,95,10
89,96,7
89,97,7
89,98,2
89,99,2
89,100,5
89,101,17
89,102,14
89,103,14
89,104,11
89,105,11
89,106,8
89,107,8
89,108,3
89,109,3
89,110,6
89,111,16
89,112,15
89,113,13
89,114,12
89,115,10
89,116,9
89,117,7
89,118,4
89,119,4
89,120,7
90,91,17
90,92,14
90,93,14
90,94,11
90,95,11
90,96,8
90,97,8
90,98,5
90,99,5
90,100,2
90,101,18
90,102,15
90,103,15
90,104,12
90,105,12
90,106,9
90,107,9
90,108,6
90,109,6
90,110,3
90,111,19
90,112,16
90,113,16
90,114,13
90,115,13
90,116,10
90,117,10
90,118,7
90,119,7
90,120,4
91,92,8
91,93,8
91,94,11
91,95,11
91,96,14
91,97,14
91,98,17
91,99,17
91,100,20
91,101,2
91,102,9
91,103,9
91,104,12
91,105,12
91,106,15
91,107,15
91,108,18
91,109,18
91,110,21
91,111,3
91,112,6
91,113,8
91,114,9
91,115,11
91,116,12
91,117,14
91,118,15
91,119,17
91,120,18
92,93,1
92,94,8
92,95,8
92,96,11
92,97,11
92,98,14
92,99,14
92,100,17
92,101,9
92,102,2
92,103,2
92,104,9
92,105,9
92,106,12
92,107,12
92,108,15
92,109,15
92,110,18
92,111,6
92,112,3
92,113,3
92,114,6
92,115,8
92,116,9
92,117,11
92,118,12
92,119,14
92,120,15
93,94,8
93,95,8
93,96,11
93,97,11
93,98,14
93,99,14
93,100,17
93,101,9
93,102,2
93,103,2
93,104,9
93,105,9
93,106,12
93,107,12
93,108,15
93,109,15
93,110,18
93,111,6
93,112,3
93,113,3
93,114,6
93,115,8
93,116,9
93,117,11
93,118,12
93,119,14
93,120,15
94,95,1
94,96,8
94,97,8
94,98,11
94,99,11
94,100,14
94,101,12
94,102,9
94,103,9
94,104,2
94,105,2
94,106,9
94,107,9
94,108,12
94,109,12
94,110,15
94,111,9
94,112,8
94,113,6
94,114,3
94,115,3
94,116,6
94,117,8
94,118,9
94,119,11
94,120,12
95,96,8
95,97,8
95,98,11
95,99,11
95,100,14
95,101,12
95,102,9
95,103,9
95,104,2
95,105,2
95,106,9
95,107,9
95,108,12
95,109,12
95,110,15
95,111,9
95,112,8
95,113,6
95,114,3
95,115,3
95,116,6
95,117,8
95,118,9
95,119,11
95,120,12
96,97,1
96,98,8
96,99,8
96,100,11
96,101,15
96,102,12
96,103,12
96,104,9
96,105,9
96,106,2
96,107,2
96,108,9
96,109,9
96,110,12
96,111,12
96,112,11
96,113,9
96,114,8
96,115,6
96,116,3
96,117,3
96,118,6
96,119,8
96,120,9
97,98,8
97,99,8
97,100,11
97,101,15
97,102,12
97,103,12
97,104,9
97,105,9
97,106,2
97,107,2
97,108,9
97,109,9
97,110,12
97,111,12
97,112,11
97,113,9
97,114,8
97,115,6
97,116,3
97,117,3
97,118,6
97,119,8
97,120,9
98,99,1
98,100,8
98,101,18
98,102,15
98,103,15
98,104,12
98,105,12
98,106,9
98,107,9
98,108,2
98,109,2
98,110,9
98,111,15
98,112,14
98,113,12
98,114,11
98,115,9
98,116,8
98,117,6
98,118,3
98,119,3
98,120,6
99,100,8
99,101,18
99,102,15
99,103,15
99,104,12
99,105,12
99,106,9
99,107,9
99,108,2
99,109,2
99,110,9
99,111,15
99,112,14
99,113,12
99,114,11
99,115,9
99,116,8
99,117,6
99,118,3
99,119,3
99,120,6
100,101,21
100,102,18
100,103,18
100,104,15
100,105,15
100,106,12
100,107,12
100,108,9
100,109,9
100,110,2
100,111,18
100,112,17
100,113,15
100,114,14
100,115,12
100,116,11
100,117,9
100,118,8
100,119,6
100,120,3
101,102,8
101,103,8
101,104,11
101,105,11
101,106,14
101,107,14
101,108,17
101,109,17
101,110,20
101,111,2
101,112,5
101,113,7
101,114,8
101,115,10
101,116,11
101,117,13
101,118,14
101,119,16
101,120,17
102,103,1
102,104,8
102,105,8
102,106,11
102,107,11
102,108,14
102,109,14
102,110,17
102,111,5
102,112,2
102,113,2
102,114,5
102,115,7
102,116,8
102,117,10
102,118,11
102,119,13
102,120,14
103,104,8
103,105,8
103,106,11
103,107,11
103,108,14
103,109,14
103,110,17
103,111,5
103,112,2
103,113,2
103,114,5
103,115,7
103,116,8
103,117,10
103,118,11
103,119,13
103,120,14
104,105,1
104,106,8
104,107,8
104,108,11
104,109,11
104,110,14
104,111,8
104,112,7
104,113,5
104,114,2
104,115,2
104,116,5
104,117,7
104,118,8
104,119,10
104,120,11
105,106,8
105,107,8
105,108,11
105,109,11
105,110,14
105,111,8
105,112,7
105,113,5
105,114,2
105,115,2
105,116,5
105,117,7
105,118,8
105,119,10
105,120,11
106,107,1
106,108,8
106,109,8
106,110,11
106,111,11
106,112,10
106,113,8
106,114,7
106,115,5
106,116,2
106,117,2
106,118,5
106,119,7
106,120,8
107,108,8
107,109,8
107,110,11
107,111,11
107,112,10
107,113,8
107,114,7
107,115,5
107,116,2
107,117,2
107,118,5
107,119,7
107,120,8
108,109,1
108,110,8
108,111,14
108,112,13
108,113,11
108,114,10
108,115,8
108,116,7
108,117,5
108,118,2
108,119,2
108,120,5
109,110,8
109,111,14
109,112,13
109,113,11
109,114,10
109,115,8
109,116,7
109,117,5
109,118,2
109,119,2
109,120,5
110,111,17
110,112,16
110,113,14
110,114,13
110,115,11
110,116,10
110,117,8
110,118,7
110,119,5
110,120,2
111,112,2
111,113,4
111,114,5
111,115,7
111,116,8
111,117,10
111,118,11
111,119,13
111,120,14
112,113,1
112,114,4
112,115,6
112,116,7
112,117,9
112,118,10
112,119,12
112,120,13
113,114,2
113,115,4
113,116,5
113,117,7
113,118,8
113,119,10
113,120,11
114,115,1
114,116,4
114,117,6
114,118,7
114,119,9
114,120,10
115,116,2
115,117,4
115,118,5
115,119,7
115,120,8
116,117,1
116,118,4
116,119,6
116,120,7
117,118,2
117,119,4
117,120,5
118,119,1
118,120,4
119,120,2
